-- phpMyAdmin SQL Dump
-- version 5.0.4
-- https://www.phpmyadmin.net/
--
-- Hôte : localhost
-- Généré le : sam. 13 mars 2021 à 23:21
-- Version du serveur :  10.3.27-MariaDB-0+deb10u1
-- Version de PHP : 8.0.3

SET SQL_MODE = "NO_AUTO_VALUE_ON_ZERO";
START TRANSACTION;
SET time_zone = "+00:00";


/*!40101 SET @OLD_CHARACTER_SET_CLIENT=@@CHARACTER_SET_CLIENT */;
/*!40101 SET @OLD_CHARACTER_SET_RESULTS=@@CHARACTER_SET_RESULTS */;
/*!40101 SET @OLD_COLLATION_CONNECTION=@@COLLATION_CONNECTION */;
/*!40101 SET NAMES utf8mb4 */;

--
-- Base de données : `hothothot`
--

-- --------------------------------------------------------

--
-- Structure de la table `ban`
--

CREATE TABLE `ban` (
  `id` int(11) NOT NULL,
  `ip` varchar(255) NOT NULL,
  `attempt` tinyint(4) NOT NULL DEFAULT 0,
  `time` int(11) NOT NULL
) ENGINE=MyISAM DEFAULT CHARSET=latin1;

--
-- Déchargement des données de la table `ban`
--

INSERT INTO `ban` (`id`, `ip`, `attempt`, `time`) VALUES
(16, '127.0.0.1', 1, 1615414714);

-- --------------------------------------------------------

--
-- Structure de la table `roles`
--

CREATE TABLE `roles` (
  `id` int(11) NOT NULL,
  `name` varchar(255) NOT NULL
) ENGINE=InnoDB DEFAULT CHARSET=utf8;

--
-- Déchargement des données de la table `roles`
--

INSERT INTO `roles` (`id`, `name`) VALUES
(1, 'admin');

-- --------------------------------------------------------

--
-- Structure de la table `sensors`
--

CREATE TABLE `sensors` (
  `id` int(11) NOT NULL,
  `type_id` int(11) NOT NULL,
  `name` varchar(255) NOT NULL,
  `active` tinyint(1) NOT NULL
) ENGINE=InnoDB DEFAULT CHARSET=utf8;

--
-- Déchargement des données de la table `sensors`
--

INSERT INTO `sensors` (`id`, `type_id`, `name`, `active`) VALUES
(5, 5, 'interieur', 1),
(6, 5, 'exterieur', 1);

-- --------------------------------------------------------

--
-- Structure de la table `sensor_data`
--

CREATE TABLE `sensor_data` (
  `id` int(11) NOT NULL,
  `sensor_id` int(11) NOT NULL,
  `temperature` int(11) NOT NULL,
  `timestamp` timestamp NOT NULL DEFAULT current_timestamp() ON UPDATE current_timestamp()
) ENGINE=InnoDB DEFAULT CHARSET=utf8;

--
-- Déchargement des données de la table `sensor_data`
--

INSERT INTO `sensor_data` (`id`, `sensor_id`, `temperature`, `timestamp`) VALUES
(11, 5, 23, '2021-03-06 18:15:45'),
(12, 6, 10, '2021-03-06 18:15:46'),
(13, 5, 22, '2021-03-06 18:33:12'),
(14, 6, 9, '2021-03-06 18:33:12'),
(15, 5, 22, '2021-03-06 18:34:25'),
(16, 6, 9, '2021-03-06 18:34:26'),
(17, 5, 22, '2021-03-06 18:34:40'),
(18, 6, 9, '2021-03-06 18:34:41'),
(19, 5, 22, '2021-03-06 18:39:21'),
(20, 6, 9, '2021-03-06 18:39:21'),
(21, 5, 22, '2021-03-06 18:48:01'),
(22, 6, 9, '2021-03-06 18:48:01'),
(23, 5, 22, '2021-03-06 18:52:02'),
(24, 6, 9, '2021-03-06 18:52:02'),
(25, 5, 23, '2021-03-06 18:56:02'),
(26, 6, 9, '2021-03-06 18:56:02'),
(27, 5, 22, '2021-03-06 19:00:02'),
(28, 6, 9, '2021-03-06 19:00:02'),
(29, 5, 22, '2021-03-06 19:04:02'),
(30, 6, 9, '2021-03-06 19:04:02'),
(31, 5, 22, '2021-03-06 19:08:02'),
(32, 6, 9, '2021-03-06 19:08:02'),
(33, 5, 22, '2021-03-06 19:12:02'),
(34, 6, 8, '2021-03-06 19:12:02'),
(35, 5, 22, '2021-03-06 19:16:01'),
(36, 6, 8, '2021-03-06 19:16:02'),
(37, 5, 22, '2021-03-06 19:20:02'),
(38, 6, 8, '2021-03-06 19:20:02'),
(39, 5, 22, '2021-03-06 19:24:01'),
(40, 6, 8, '2021-03-06 19:24:02'),
(41, 5, 22, '2021-03-06 19:28:01'),
(42, 6, 8, '2021-03-06 19:28:01'),
(43, 5, 22, '2021-03-06 19:32:02'),
(44, 6, 8, '2021-03-06 19:32:02'),
(45, 5, 22, '2021-03-06 19:36:01'),
(46, 6, 8, '2021-03-06 19:36:02'),
(47, 5, 22, '2021-03-06 19:40:01'),
(48, 6, 8, '2021-03-06 19:40:02'),
(49, 5, 22, '2021-03-06 19:44:01'),
(50, 6, 8, '2021-03-06 19:44:01'),
(51, 5, 22, '2021-03-06 19:48:02'),
(52, 6, 8, '2021-03-06 19:48:02'),
(53, 5, 22, '2021-03-06 19:52:01'),
(54, 6, 8, '2021-03-06 19:52:02'),
(55, 5, 22, '2021-03-06 19:56:01'),
(56, 6, 8, '2021-03-06 19:56:01'),
(57, 5, 22, '2021-03-06 20:04:02'),
(58, 6, 7, '2021-03-06 20:04:02'),
(59, 5, 22, '2021-03-06 20:08:01'),
(60, 6, 7, '2021-03-06 20:08:02'),
(61, 5, 22, '2021-03-06 20:12:01'),
(62, 6, 7, '2021-03-06 20:12:01'),
(63, 5, 22, '2021-03-06 20:16:01'),
(64, 6, 7, '2021-03-06 20:16:01'),
(65, 5, 22, '2021-03-06 20:20:02'),
(66, 6, 7, '2021-03-06 20:20:02'),
(67, 5, 22, '2021-03-06 20:24:01'),
(68, 6, 7, '2021-03-06 20:24:02'),
(69, 5, 22, '2021-03-06 20:28:01'),
(70, 6, 7, '2021-03-06 20:28:01'),
(71, 5, 22, '2021-03-06 20:32:02'),
(72, 6, 7, '2021-03-06 20:32:02'),
(73, 5, 22, '2021-03-06 20:36:02'),
(74, 6, 7, '2021-03-06 20:36:02'),
(75, 5, 22, '2021-03-06 20:40:01'),
(76, 6, 7, '2021-03-06 20:40:02'),
(77, 5, 22, '2021-03-06 20:44:01'),
(78, 6, 7, '2021-03-06 20:44:01'),
(79, 5, 22, '2021-03-06 20:48:02'),
(80, 6, 7, '2021-03-06 20:48:02'),
(81, 5, 22, '2021-03-06 20:52:01'),
(82, 6, 7, '2021-03-06 20:52:02'),
(83, 5, 22, '2021-03-06 20:56:01'),
(84, 6, 6, '2021-03-06 20:56:02'),
(85, 5, 22, '2021-03-06 21:00:01'),
(86, 6, 7, '2021-03-06 21:00:01'),
(87, 5, 22, '2021-03-06 21:04:01'),
(88, 6, 7, '2021-03-06 21:04:02'),
(89, 5, 22, '2021-03-06 21:08:01'),
(90, 6, 7, '2021-03-06 21:08:01'),
(91, 5, 22, '2021-03-06 21:12:01'),
(92, 6, 7, '2021-03-06 21:12:01'),
(93, 5, 22, '2021-03-06 21:16:02'),
(94, 6, 7, '2021-03-06 21:16:02'),
(95, 5, 22, '2021-03-06 21:20:02'),
(96, 6, 7, '2021-03-06 21:20:02'),
(97, 5, 21, '2021-03-06 21:24:01'),
(98, 6, 6, '2021-03-06 21:24:01'),
(99, 5, 21, '2021-03-06 21:28:01'),
(100, 6, 7, '2021-03-06 21:28:01'),
(101, 5, 21, '2021-03-06 21:32:02'),
(102, 6, 7, '2021-03-06 21:32:02'),
(103, 5, 21, '2021-03-06 21:36:01'),
(104, 6, 7, '2021-03-06 21:36:02'),
(105, 5, 21, '2021-03-06 21:40:01'),
(106, 6, 7, '2021-03-06 21:40:01'),
(107, 5, 21, '2021-03-06 21:44:02'),
(108, 6, 7, '2021-03-06 21:44:02'),
(109, 5, 21, '2021-03-06 21:48:03'),
(110, 6, 7, '2021-03-06 21:48:03'),
(111, 5, 21, '2021-03-06 21:52:02'),
(112, 6, 7, '2021-03-06 21:52:02'),
(113, 5, 21, '2021-03-06 21:56:02'),
(114, 6, 7, '2021-03-06 21:56:02'),
(115, 5, 21, '2021-03-06 22:00:01'),
(116, 6, 7, '2021-03-06 22:00:01'),
(117, 5, 21, '2021-03-06 22:04:01'),
(118, 6, 7, '2021-03-06 22:04:01'),
(119, 5, 21, '2021-03-06 22:08:02'),
(120, 6, 7, '2021-03-06 22:08:02'),
(121, 5, 21, '2021-03-06 22:12:02'),
(122, 6, 7, '2021-03-06 22:12:02'),
(123, 5, 21, '2021-03-06 22:16:02'),
(124, 6, 7, '2021-03-06 22:16:02'),
(125, 5, 21, '2021-03-06 22:20:01'),
(126, 6, 7, '2021-03-06 22:20:02'),
(127, 5, 21, '2021-03-06 22:24:01'),
(128, 6, 7, '2021-03-06 22:24:01'),
(129, 5, 21, '2021-03-06 22:28:02'),
(130, 6, 7, '2021-03-06 22:28:02'),
(131, 5, 21, '2021-03-06 22:32:02'),
(132, 6, 7, '2021-03-06 22:32:02'),
(133, 5, 21, '2021-03-06 22:36:01'),
(134, 6, 7, '2021-03-06 22:36:02'),
(135, 5, 21, '2021-03-06 22:40:01'),
(136, 6, 6, '2021-03-06 22:40:01'),
(137, 5, 21, '2021-03-06 22:44:02'),
(138, 6, 7, '2021-03-06 22:44:02'),
(139, 5, 21, '2021-03-06 22:48:02'),
(140, 6, 7, '2021-03-06 22:48:02'),
(141, 5, 21, '2021-03-06 22:52:01'),
(142, 6, 7, '2021-03-06 22:52:02'),
(143, 5, 21, '2021-03-06 22:56:01'),
(144, 6, 7, '2021-03-06 22:56:01'),
(145, 5, 21, '2021-03-06 23:00:02'),
(146, 5, 21, '2021-03-06 23:04:01'),
(147, 6, 7, '2021-03-06 23:04:01'),
(148, 5, 21, '2021-03-06 23:08:01'),
(149, 6, 6, '2021-03-06 23:08:01'),
(150, 5, 21, '2021-03-06 23:12:02'),
(151, 6, 7, '2021-03-06 23:12:02'),
(152, 5, 21, '2021-03-06 23:16:01'),
(153, 6, 7, '2021-03-06 23:16:02'),
(154, 5, 21, '2021-03-06 23:20:01'),
(155, 6, 6, '2021-03-06 23:20:01'),
(156, 5, 21, '2021-03-06 23:24:02'),
(157, 6, 6, '2021-03-06 23:24:02'),
(158, 5, 20, '2021-03-06 23:28:02'),
(159, 6, 7, '2021-03-06 23:28:02'),
(160, 5, 21, '2021-03-06 23:32:01'),
(161, 6, 7, '2021-03-06 23:32:01'),
(162, 5, 20, '2021-03-06 23:36:01'),
(163, 6, 7, '2021-03-06 23:36:01'),
(164, 5, 20, '2021-03-06 23:40:02'),
(165, 6, 6, '2021-03-06 23:40:02'),
(166, 5, 20, '2021-03-06 23:44:02'),
(167, 6, 6, '2021-03-06 23:44:02'),
(168, 5, 20, '2021-03-06 23:48:01'),
(169, 6, 6, '2021-03-06 23:48:02'),
(170, 5, 20, '2021-03-06 23:52:01'),
(171, 6, 6, '2021-03-06 23:52:01'),
(172, 5, 20, '2021-03-06 23:56:02'),
(173, 6, 6, '2021-03-06 23:56:02'),
(174, 5, 20, '2021-03-07 00:00:02'),
(175, 5, 20, '2021-03-07 00:04:01'),
(176, 6, 6, '2021-03-07 00:04:02'),
(177, 5, 20, '2021-03-07 00:08:01'),
(178, 6, 6, '2021-03-07 00:08:01'),
(179, 5, 20, '2021-03-07 00:12:02'),
(180, 6, 6, '2021-03-07 00:12:02'),
(181, 5, 20, '2021-03-07 00:16:01'),
(182, 6, 6, '2021-03-07 00:16:02'),
(183, 5, 20, '2021-03-07 00:20:01'),
(184, 6, 7, '2021-03-07 00:20:02'),
(185, 5, 20, '2021-03-07 00:24:01'),
(186, 6, 7, '2021-03-07 00:24:01'),
(187, 5, 20, '2021-03-07 00:28:02'),
(188, 6, 7, '2021-03-07 00:28:02'),
(189, 5, 20, '2021-03-07 00:32:02'),
(190, 6, 7, '2021-03-07 00:32:02'),
(191, 5, 20, '2021-03-07 00:36:01'),
(192, 6, 7, '2021-03-07 00:36:01'),
(193, 5, 20, '2021-03-07 00:40:02'),
(194, 6, 7, '2021-03-07 00:40:02'),
(195, 5, 20, '2021-03-07 00:44:02'),
(196, 6, 7, '2021-03-07 00:44:02'),
(197, 5, 20, '2021-03-07 00:48:01'),
(198, 6, 7, '2021-03-07 00:48:02'),
(199, 5, 20, '2021-03-07 00:52:01'),
(200, 6, 7, '2021-03-07 00:52:01'),
(201, 5, 20, '2021-03-07 00:56:02'),
(202, 6, 6, '2021-03-07 00:56:02'),
(203, 5, 20, '2021-03-07 01:04:01'),
(204, 6, 6, '2021-03-07 01:04:01'),
(205, 5, 20, '2021-03-07 01:08:02'),
(206, 6, 7, '2021-03-07 01:08:02'),
(207, 5, 20, '2021-03-07 01:12:02'),
(208, 6, 7, '2021-03-07 01:12:02'),
(209, 5, 20, '2021-03-07 01:16:01'),
(210, 6, 7, '2021-03-07 01:16:02'),
(211, 5, 20, '2021-03-07 01:20:01'),
(212, 6, 7, '2021-03-07 01:20:01'),
(213, 5, 20, '2021-03-07 01:24:02'),
(214, 6, 7, '2021-03-07 01:24:02'),
(215, 5, 20, '2021-03-07 01:28:01'),
(216, 6, 7, '2021-03-07 01:28:02'),
(217, 5, 20, '2021-03-07 01:32:01'),
(218, 6, 7, '2021-03-07 01:32:01'),
(219, 5, 20, '2021-03-07 01:36:01'),
(220, 6, 6, '2021-03-07 01:36:01'),
(221, 5, 20, '2021-03-07 01:40:02'),
(222, 6, 7, '2021-03-07 01:40:02'),
(223, 5, 20, '2021-03-07 01:44:01'),
(224, 6, 7, '2021-03-07 01:44:01'),
(225, 5, 20, '2021-03-07 01:48:01'),
(226, 6, 7, '2021-03-07 01:48:01'),
(227, 5, 20, '2021-03-07 01:52:02'),
(228, 6, 6, '2021-03-07 01:52:02'),
(229, 5, 20, '2021-03-07 01:56:01'),
(230, 6, 6, '2021-03-07 01:56:02'),
(231, 5, 20, '2021-03-07 02:00:01'),
(232, 6, 7, '2021-03-07 02:00:01'),
(233, 5, 20, '2021-03-07 02:04:01'),
(234, 6, 7, '2021-03-07 02:04:02'),
(235, 5, 20, '2021-03-07 02:08:01'),
(236, 6, 7, '2021-03-07 02:08:01'),
(237, 5, 20, '2021-03-07 02:12:02'),
(238, 6, 7, '2021-03-07 02:12:02'),
(239, 5, 20, '2021-03-07 02:16:02'),
(240, 6, 6, '2021-03-07 02:16:02'),
(241, 5, 20, '2021-03-07 02:20:01'),
(242, 6, 6, '2021-03-07 02:20:02'),
(243, 5, 20, '2021-03-07 02:24:01'),
(244, 6, 6, '2021-03-07 02:24:02'),
(245, 5, 20, '2021-03-07 02:28:01'),
(246, 6, 6, '2021-03-07 02:28:01'),
(247, 5, 20, '2021-03-07 02:32:02'),
(248, 6, 6, '2021-03-07 02:32:02'),
(249, 5, 20, '2021-03-07 02:36:02'),
(250, 6, 6, '2021-03-07 02:36:02'),
(251, 5, 20, '2021-03-07 02:40:01'),
(252, 6, 6, '2021-03-07 02:40:02'),
(253, 5, 20, '2021-03-07 02:44:01'),
(254, 6, 6, '2021-03-07 02:44:02'),
(255, 5, 20, '2021-03-07 02:48:01'),
(256, 6, 6, '2021-03-07 02:48:02'),
(257, 5, 20, '2021-03-07 02:52:01'),
(258, 6, 6, '2021-03-07 02:52:01'),
(259, 5, 20, '2021-03-07 02:56:02'),
(260, 6, 6, '2021-03-07 02:56:02'),
(261, 5, 20, '2021-03-07 03:00:02'),
(262, 5, 20, '2021-03-07 03:04:01'),
(263, 6, 5, '2021-03-07 03:04:01'),
(264, 5, 20, '2021-03-07 03:08:02'),
(265, 6, 5, '2021-03-07 03:08:02'),
(266, 5, 20, '2021-03-07 03:12:02'),
(267, 6, 6, '2021-03-07 03:12:02'),
(268, 5, 20, '2021-03-07 03:16:01'),
(269, 6, 5, '2021-03-07 03:16:02'),
(270, 5, 20, '2021-03-07 03:20:01'),
(271, 6, 5, '2021-03-07 03:20:01'),
(272, 5, 20, '2021-03-07 03:24:02'),
(273, 6, 5, '2021-03-07 03:24:02'),
(274, 5, 20, '2021-03-07 03:28:01'),
(275, 6, 5, '2021-03-07 03:28:02'),
(276, 5, 20, '2021-03-07 03:32:01'),
(277, 6, 5, '2021-03-07 03:32:01'),
(278, 5, 19, '2021-03-07 03:36:02'),
(279, 6, 5, '2021-03-07 03:36:02'),
(280, 5, 20, '2021-03-07 03:40:02'),
(281, 6, 5, '2021-03-07 03:40:02'),
(282, 5, 19, '2021-03-07 03:44:01'),
(283, 6, 5, '2021-03-07 03:44:02'),
(284, 5, 19, '2021-03-07 03:48:01'),
(285, 6, 5, '2021-03-07 03:48:01'),
(286, 5, 20, '2021-03-07 03:52:02'),
(287, 6, 5, '2021-03-07 03:52:02'),
(288, 5, 19, '2021-03-07 03:56:01'),
(289, 6, 5, '2021-03-07 03:56:02'),
(290, 5, 19, '2021-03-07 04:00:01'),
(291, 5, 19, '2021-03-07 04:04:02'),
(292, 6, 5, '2021-03-07 04:04:02'),
(293, 5, 19, '2021-03-07 04:08:01'),
(294, 6, 5, '2021-03-07 04:08:01'),
(295, 5, 19, '2021-03-07 04:12:02'),
(296, 6, 5, '2021-03-07 04:12:02'),
(297, 5, 19, '2021-03-07 04:16:01'),
(298, 6, 5, '2021-03-07 04:16:02'),
(299, 5, 19, '2021-03-07 04:20:01'),
(300, 6, 5, '2021-03-07 04:20:01'),
(301, 5, 19, '2021-03-07 04:24:02'),
(302, 6, 5, '2021-03-07 04:24:02'),
(303, 5, 19, '2021-03-07 04:28:02'),
(304, 6, 5, '2021-03-07 04:28:02'),
(305, 5, 19, '2021-03-07 04:32:01'),
(306, 6, 5, '2021-03-07 04:32:02'),
(307, 5, 19, '2021-03-07 04:36:01'),
(308, 6, 5, '2021-03-07 04:36:01'),
(309, 5, 19, '2021-03-07 04:40:02'),
(310, 6, 5, '2021-03-07 04:40:02'),
(311, 5, 19, '2021-03-07 04:44:02'),
(312, 6, 5, '2021-03-07 04:44:02'),
(313, 5, 19, '2021-03-07 04:48:01'),
(314, 6, 5, '2021-03-07 04:48:01'),
(315, 5, 19, '2021-03-07 04:52:01'),
(316, 6, 5, '2021-03-07 04:52:01'),
(317, 5, 19, '2021-03-07 04:56:02'),
(318, 6, 5, '2021-03-07 04:56:02'),
(319, 5, 19, '2021-03-07 05:00:01'),
(320, 6, 5, '2021-03-07 05:00:02'),
(321, 5, 19, '2021-03-07 05:04:02'),
(322, 6, 5, '2021-03-07 05:04:02'),
(323, 5, 19, '2021-03-07 05:08:02'),
(324, 6, 5, '2021-03-07 05:08:03'),
(325, 5, 19, '2021-03-07 05:12:01'),
(326, 6, 5, '2021-03-07 05:12:01'),
(327, 5, 19, '2021-03-07 05:16:02'),
(328, 6, 5, '2021-03-07 05:16:02'),
(329, 5, 19, '2021-03-07 05:20:02'),
(330, 6, 5, '2021-03-07 05:20:02'),
(331, 5, 19, '2021-03-07 05:24:01'),
(332, 6, 5, '2021-03-07 05:24:02'),
(333, 5, 19, '2021-03-07 05:28:01'),
(334, 6, 5, '2021-03-07 05:28:02'),
(335, 5, 19, '2021-03-07 05:32:01'),
(336, 6, 5, '2021-03-07 05:32:01'),
(337, 5, 19, '2021-03-07 05:36:02'),
(338, 6, 5, '2021-03-07 05:36:02'),
(339, 5, 19, '2021-03-07 05:40:02'),
(340, 6, 5, '2021-03-07 05:40:02'),
(341, 5, 19, '2021-03-07 05:44:01'),
(342, 6, 5, '2021-03-07 05:44:02'),
(343, 5, 19, '2021-03-07 05:48:01'),
(344, 6, 5, '2021-03-07 05:48:02'),
(345, 5, 19, '2021-03-07 05:52:01'),
(346, 6, 5, '2021-03-07 05:52:01'),
(347, 5, 19, '2021-03-07 05:56:02'),
(348, 6, 5, '2021-03-07 05:56:02'),
(349, 5, 20, '2021-03-07 06:04:02'),
(350, 6, 5, '2021-03-07 06:04:02'),
(351, 5, 20, '2021-03-07 06:08:02'),
(352, 6, 5, '2021-03-07 06:08:02'),
(353, 5, 20, '2021-03-07 06:12:01'),
(354, 6, 5, '2021-03-07 06:12:02'),
(355, 5, 20, '2021-03-07 06:16:01'),
(356, 6, 5, '2021-03-07 06:16:01'),
(357, 5, 20, '2021-03-07 06:20:02'),
(358, 6, 5, '2021-03-07 06:20:02'),
(359, 5, 20, '2021-03-07 06:24:02'),
(360, 6, 5, '2021-03-07 06:24:02'),
(361, 5, 20, '2021-03-07 06:28:01'),
(362, 6, 6, '2021-03-07 06:28:02'),
(363, 5, 20, '2021-03-07 06:32:01'),
(364, 6, 6, '2021-03-07 06:32:01'),
(365, 5, 20, '2021-03-07 06:36:02'),
(366, 6, 6, '2021-03-07 06:36:02'),
(367, 5, 20, '2021-03-07 06:40:02'),
(368, 6, 6, '2021-03-07 06:40:02'),
(369, 5, 20, '2021-03-07 06:44:02'),
(370, 6, 6, '2021-03-07 06:44:02'),
(371, 5, 20, '2021-03-07 06:48:01'),
(372, 6, 6, '2021-03-07 06:48:02'),
(373, 5, 20, '2021-03-07 06:52:01'),
(374, 6, 6, '2021-03-07 06:52:02'),
(375, 5, 20, '2021-03-07 06:56:01'),
(376, 6, 6, '2021-03-07 06:56:02'),
(377, 5, 20, '2021-03-07 07:00:01'),
(378, 6, 7, '2021-03-07 07:00:02'),
(379, 5, 20, '2021-03-07 07:04:02'),
(380, 6, 7, '2021-03-07 07:04:02'),
(381, 5, 20, '2021-03-07 07:08:02'),
(382, 6, 7, '2021-03-07 07:08:02'),
(383, 5, 20, '2021-03-07 07:12:02'),
(384, 6, 7, '2021-03-07 07:12:02'),
(385, 5, 20, '2021-03-07 07:16:02'),
(386, 6, 7, '2021-03-07 07:16:02'),
(387, 5, 20, '2021-03-07 07:20:01'),
(388, 6, 7, '2021-03-07 07:20:02'),
(389, 5, 20, '2021-03-07 07:24:01'),
(390, 6, 8, '2021-03-07 07:24:01'),
(391, 5, 20, '2021-03-07 07:28:01'),
(392, 6, 8, '2021-03-07 07:28:01'),
(393, 5, 20, '2021-03-07 07:32:02'),
(394, 6, 8, '2021-03-07 07:32:02'),
(395, 5, 20, '2021-03-07 07:36:02'),
(396, 6, 8, '2021-03-07 07:36:02'),
(397, 5, 20, '2021-03-07 07:40:02'),
(398, 6, 8, '2021-03-07 07:40:02'),
(399, 5, 21, '2021-03-07 07:44:02'),
(400, 6, 9, '2021-03-07 07:44:02'),
(401, 5, 21, '2021-03-07 07:48:01'),
(402, 6, 9, '2021-03-07 07:48:02'),
(403, 5, 21, '2021-03-07 07:52:01'),
(404, 6, 9, '2021-03-07 07:52:01'),
(405, 5, 21, '2021-03-07 07:56:02'),
(406, 6, 9, '2021-03-07 07:56:02'),
(407, 5, 21, '2021-03-07 08:00:02'),
(408, 5, 21, '2021-03-07 08:04:01'),
(409, 6, 10, '2021-03-07 08:04:01'),
(410, 5, 21, '2021-03-07 08:08:02'),
(411, 6, 10, '2021-03-07 08:08:02'),
(412, 5, 21, '2021-03-07 08:12:02'),
(413, 6, 10, '2021-03-07 08:12:02'),
(414, 5, 21, '2021-03-07 08:16:02'),
(415, 6, 10, '2021-03-07 08:16:02'),
(416, 5, 21, '2021-03-07 08:20:01'),
(417, 6, 10, '2021-03-07 08:20:02'),
(418, 5, 21, '2021-03-07 08:24:01'),
(419, 6, 11, '2021-03-07 08:24:01'),
(420, 5, 21, '2021-03-07 08:28:01'),
(421, 6, 11, '2021-03-07 08:28:01'),
(422, 5, 21, '2021-03-07 08:32:02'),
(423, 6, 11, '2021-03-07 08:32:02'),
(424, 5, 21, '2021-03-07 08:36:02'),
(425, 6, 12, '2021-03-07 08:36:02'),
(426, 5, 21, '2021-03-07 08:40:01'),
(427, 6, 12, '2021-03-07 08:40:02'),
(428, 5, 21, '2021-03-07 08:44:01'),
(429, 6, 12, '2021-03-07 08:44:01'),
(430, 5, 21, '2021-03-07 08:48:02'),
(431, 6, 12, '2021-03-07 08:48:02'),
(432, 5, 22, '2021-03-07 08:52:02'),
(433, 6, 12, '2021-03-07 08:52:02'),
(434, 5, 22, '2021-03-07 08:56:01'),
(435, 6, 13, '2021-03-07 08:56:02'),
(436, 5, 22, '2021-03-07 09:00:01'),
(437, 6, 12, '2021-03-07 09:00:01'),
(438, 5, 22, '2021-03-07 09:04:01'),
(439, 6, 12, '2021-03-07 09:04:02'),
(440, 5, 22, '2021-03-07 09:08:01'),
(441, 6, 13, '2021-03-07 09:08:01'),
(442, 5, 22, '2021-03-07 09:12:02'),
(443, 6, 14, '2021-03-07 09:12:02'),
(444, 5, 22, '2021-03-07 09:16:02'),
(445, 6, 15, '2021-03-07 09:16:02'),
(446, 5, 22, '2021-03-07 09:20:01'),
(447, 6, 14, '2021-03-07 09:20:02'),
(448, 5, 22, '2021-03-07 09:24:01'),
(449, 6, 15, '2021-03-07 09:24:02'),
(450, 5, 22, '2021-03-07 09:28:01'),
(451, 6, 16, '2021-03-07 09:28:02'),
(452, 5, 22, '2021-03-07 09:32:01'),
(453, 6, 19, '2021-03-07 09:32:01'),
(454, 5, 22, '2021-03-07 09:36:02'),
(455, 6, 17, '2021-03-07 09:36:02'),
(456, 5, 23, '2021-03-07 09:40:01'),
(457, 6, 19, '2021-03-07 09:40:02'),
(458, 5, 23, '2021-03-07 09:44:01'),
(459, 6, 19, '2021-03-07 09:44:01'),
(460, 5, 23, '2021-03-07 09:48:02'),
(461, 6, 21, '2021-03-07 09:48:02'),
(462, 5, 23, '2021-03-07 09:52:02'),
(463, 6, 20, '2021-03-07 09:52:02'),
(464, 5, 23, '2021-03-07 09:56:01'),
(465, 6, 20, '2021-03-07 09:56:02'),
(466, 5, 23, '2021-03-07 10:00:01'),
(467, 6, 21, '2021-03-07 10:00:02'),
(468, 5, 23, '2021-03-07 10:04:02'),
(469, 6, 22, '2021-03-07 10:04:02'),
(470, 5, 23, '2021-03-07 10:08:01'),
(471, 6, 21, '2021-03-07 10:08:02'),
(472, 5, 23, '2021-03-07 10:12:01'),
(473, 6, 22, '2021-03-07 10:12:01'),
(474, 5, 23, '2021-03-07 10:16:02'),
(475, 6, 20, '2021-03-07 10:16:02'),
(476, 5, 24, '2021-03-07 10:20:02'),
(477, 6, 22, '2021-03-07 10:20:02'),
(478, 5, 24, '2021-03-07 10:24:01'),
(479, 6, 20, '2021-03-07 10:24:02'),
(480, 5, 24, '2021-03-07 10:28:01'),
(481, 6, 22, '2021-03-07 10:28:01'),
(482, 5, 24, '2021-03-07 10:32:02'),
(483, 6, 22, '2021-03-07 10:32:02'),
(484, 5, 24, '2021-03-07 10:36:02'),
(485, 6, 21, '2021-03-07 10:36:02'),
(486, 5, 24, '2021-03-07 10:40:01'),
(487, 6, 19, '2021-03-07 10:40:02'),
(488, 5, 24, '2021-03-07 10:44:01'),
(489, 6, 18, '2021-03-07 10:44:01'),
(490, 5, 24, '2021-03-07 10:48:01'),
(491, 6, 18, '2021-03-07 10:48:01'),
(492, 5, 24, '2021-03-07 10:52:02'),
(493, 6, 17, '2021-03-07 10:52:02'),
(494, 5, 24, '2021-03-07 10:56:01'),
(495, 6, 21, '2021-03-07 10:56:02'),
(496, 5, 24, '2021-03-07 11:00:01'),
(497, 6, 24, '2021-03-07 11:00:01'),
(498, 5, 24, '2021-03-07 11:04:02'),
(499, 6, 24, '2021-03-07 11:04:02'),
(500, 5, 24, '2021-03-07 11:08:01'),
(501, 6, 24, '2021-03-07 11:08:02'),
(502, 5, 24, '2021-03-07 11:12:01'),
(503, 6, 25, '2021-03-07 11:12:01'),
(504, 5, 24, '2021-03-07 11:16:01'),
(505, 6, 24, '2021-03-07 11:16:01'),
(506, 5, 24, '2021-03-07 11:20:02'),
(507, 6, 22, '2021-03-07 11:20:02'),
(508, 5, 25, '2021-03-07 11:24:02'),
(509, 6, 26, '2021-03-07 11:24:02'),
(510, 5, 25, '2021-03-07 11:28:01'),
(511, 6, 26, '2021-03-07 11:28:02'),
(512, 5, 25, '2021-03-07 11:32:01'),
(513, 6, 27, '2021-03-07 11:32:01'),
(514, 5, 25, '2021-03-07 11:36:02'),
(515, 6, 27, '2021-03-07 11:36:02'),
(516, 5, 25, '2021-03-07 11:40:02'),
(517, 6, 25, '2021-03-07 11:40:02'),
(518, 5, 25, '2021-03-07 11:44:01'),
(519, 6, 25, '2021-03-07 11:44:01'),
(520, 5, 25, '2021-03-07 11:48:01'),
(521, 6, 28, '2021-03-07 11:48:01'),
(522, 5, 25, '2021-03-07 11:52:02'),
(523, 6, 27, '2021-03-07 11:52:02'),
(524, 5, 25, '2021-03-07 11:56:01'),
(525, 6, 28, '2021-03-07 11:56:02'),
(526, 5, 25, '2021-03-07 12:04:02'),
(527, 6, 28, '2021-03-07 12:04:02'),
(528, 5, 25, '2021-03-07 12:08:01'),
(529, 6, 29, '2021-03-07 12:08:02'),
(530, 5, 25, '2021-03-07 12:12:01'),
(531, 6, 27, '2021-03-07 12:12:01'),
(532, 5, 26, '2021-03-07 12:16:02'),
(533, 6, 27, '2021-03-07 12:16:02'),
(534, 5, 25, '2021-03-07 12:20:02'),
(535, 6, 22, '2021-03-07 12:20:02'),
(536, 5, 25, '2021-03-07 12:24:02'),
(537, 6, 21, '2021-03-07 12:24:02'),
(538, 5, 26, '2021-03-07 12:28:01'),
(539, 6, 22, '2021-03-07 12:28:02'),
(540, 5, 26, '2021-03-07 12:32:01'),
(541, 6, 24, '2021-03-07 12:32:01'),
(542, 5, 26, '2021-03-07 12:36:02'),
(543, 6, 28, '2021-03-07 12:36:02'),
(544, 5, 26, '2021-03-07 12:40:01'),
(545, 6, 28, '2021-03-07 12:40:02'),
(546, 5, 26, '2021-03-07 12:44:01'),
(547, 6, 25, '2021-03-07 12:44:01'),
(548, 5, 26, '2021-03-07 12:48:01'),
(549, 6, 26, '2021-03-07 12:48:01'),
(550, 5, 26, '2021-03-07 12:52:02'),
(551, 6, 22, '2021-03-07 12:52:02'),
(552, 5, 26, '2021-03-07 12:56:01'),
(553, 6, 21, '2021-03-07 12:56:02'),
(554, 5, 26, '2021-03-07 13:00:01'),
(555, 6, 21, '2021-03-07 13:00:02'),
(556, 5, 26, '2021-03-07 13:04:02'),
(557, 6, 21, '2021-03-07 13:04:02'),
(558, 5, 26, '2021-03-07 13:08:02'),
(559, 6, 20, '2021-03-07 13:08:02'),
(560, 5, 26, '2021-03-07 13:12:01'),
(561, 6, 20, '2021-03-07 13:12:01'),
(562, 5, 26, '2021-03-07 13:16:01'),
(563, 6, 23, '2021-03-07 13:16:01'),
(564, 5, 26, '2021-03-07 13:20:02'),
(565, 6, 25, '2021-03-07 13:20:02'),
(566, 5, 26, '2021-03-07 13:24:02'),
(567, 6, 22, '2021-03-07 13:24:02'),
(568, 5, 26, '2021-03-07 13:28:01'),
(569, 6, 20, '2021-03-07 13:28:02'),
(570, 5, 26, '2021-03-07 13:32:01'),
(571, 6, 20, '2021-03-07 13:32:01'),
(572, 5, 26, '2021-03-07 13:36:01'),
(573, 6, 19, '2021-03-07 13:36:01'),
(574, 5, 26, '2021-03-07 13:40:02'),
(575, 6, 19, '2021-03-07 13:40:02'),
(576, 5, 25, '2021-03-07 13:44:02'),
(577, 6, 19, '2021-03-07 13:44:02'),
(578, 5, 26, '2021-03-07 13:48:01'),
(579, 6, 18, '2021-03-07 13:48:01'),
(580, 5, 25, '2021-03-07 13:52:01'),
(581, 6, 18, '2021-03-07 13:52:01'),
(582, 5, 26, '2021-03-07 13:56:02'),
(583, 6, 18, '2021-03-07 13:56:02'),
(584, 5, 25, '2021-03-07 14:00:02'),
(585, 5, 25, '2021-03-07 14:04:01'),
(586, 6, 19, '2021-03-07 14:04:01'),
(587, 5, 25, '2021-03-07 14:08:01'),
(588, 6, 18, '2021-03-07 14:08:01'),
(589, 5, 25, '2021-03-07 14:12:02'),
(590, 6, 20, '2021-03-07 14:12:02'),
(591, 5, 25, '2021-03-07 14:16:02'),
(592, 6, 20, '2021-03-07 14:16:02'),
(593, 5, 25, '2021-03-07 14:20:01'),
(594, 6, 21, '2021-03-07 14:20:01'),
(595, 5, 25, '2021-03-07 14:24:02'),
(596, 6, 20, '2021-03-07 14:24:02'),
(597, 5, 25, '2021-03-07 14:28:02'),
(598, 6, 19, '2021-03-07 14:28:02'),
(599, 5, 25, '2021-03-07 14:32:02'),
(600, 6, 19, '2021-03-07 14:32:02'),
(601, 5, 25, '2021-03-07 14:36:01'),
(602, 6, 18, '2021-03-07 14:36:02'),
(603, 5, 25, '2021-03-07 14:40:01'),
(604, 6, 18, '2021-03-07 14:40:01'),
(605, 5, 25, '2021-03-07 14:44:02'),
(606, 6, 18, '2021-03-07 14:44:02'),
(607, 5, 25, '2021-03-07 14:48:01'),
(608, 6, 18, '2021-03-07 14:48:02'),
(609, 5, 25, '2021-03-07 14:52:01'),
(610, 6, 18, '2021-03-07 14:52:01'),
(611, 5, 25, '2021-03-07 14:56:02'),
(612, 6, 17, '2021-03-07 14:56:02'),
(613, 5, 25, '2021-03-07 15:00:02'),
(614, 5, 25, '2021-03-07 15:04:01'),
(615, 6, 16, '2021-03-07 15:04:01'),
(616, 5, 25, '2021-03-07 15:08:02'),
(617, 6, 16, '2021-03-07 15:08:02'),
(618, 5, 25, '2021-03-07 15:12:02'),
(619, 6, 16, '2021-03-07 15:12:02'),
(620, 5, 25, '2021-03-07 15:16:02'),
(621, 6, 16, '2021-03-07 15:16:02'),
(622, 5, 25, '2021-03-07 15:20:02'),
(623, 6, 15, '2021-03-07 15:20:02'),
(624, 5, 25, '2021-03-07 15:24:01'),
(625, 6, 15, '2021-03-07 15:24:02'),
(626, 5, 25, '2021-03-07 15:28:01'),
(627, 6, 16, '2021-03-07 15:28:01'),
(628, 5, 25, '2021-03-07 15:32:02'),
(629, 6, 15, '2021-03-07 15:32:02'),
(630, 5, 25, '2021-03-07 15:36:02'),
(631, 6, 15, '2021-03-07 15:36:02'),
(632, 5, 25, '2021-03-07 15:40:01'),
(633, 6, 15, '2021-03-07 15:40:02'),
(634, 5, 25, '2021-03-07 15:44:01'),
(635, 6, 15, '2021-03-07 15:44:01'),
(636, 5, 25, '2021-03-07 15:48:02'),
(637, 6, 14, '2021-03-07 15:48:02'),
(638, 5, 25, '2021-03-07 15:52:02'),
(639, 6, 15, '2021-03-07 15:52:02'),
(640, 5, 25, '2021-03-07 15:56:01'),
(641, 6, 15, '2021-03-07 15:56:02'),
(642, 5, 25, '2021-03-07 16:00:01'),
(643, 6, 14, '2021-03-07 16:00:01'),
(644, 5, 25, '2021-03-07 16:04:02'),
(645, 6, 15, '2021-03-07 16:04:02'),
(646, 5, 25, '2021-03-07 16:08:01'),
(647, 6, 14, '2021-03-07 16:08:02'),
(648, 5, 25, '2021-03-07 16:12:01'),
(649, 6, 15, '2021-03-07 16:12:01'),
(650, 5, 25, '2021-03-07 16:16:01'),
(651, 6, 14, '2021-03-07 16:16:01'),
(652, 5, 25, '2021-03-07 16:20:02'),
(653, 6, 14, '2021-03-07 16:20:02'),
(654, 5, 25, '2021-03-07 16:24:02'),
(655, 6, 13, '2021-03-07 16:24:02'),
(656, 5, 25, '2021-03-07 16:28:01'),
(657, 6, 13, '2021-03-07 16:28:02'),
(658, 5, 25, '2021-03-07 16:32:02'),
(659, 6, 13, '2021-03-07 16:32:02'),
(660, 5, 25, '2021-03-07 16:36:01'),
(661, 6, 13, '2021-03-07 16:36:02'),
(662, 5, 24, '2021-03-07 16:40:01'),
(663, 6, 13, '2021-03-07 16:40:01'),
(664, 5, 24, '2021-03-07 16:44:02'),
(665, 6, 13, '2021-03-07 16:44:02'),
(666, 5, 24, '2021-03-07 16:48:02'),
(667, 6, 13, '2021-03-07 16:48:02'),
(668, 5, 24, '2021-03-07 16:52:02'),
(669, 6, 13, '2021-03-07 16:52:02'),
(670, 5, 24, '2021-03-07 16:56:01'),
(671, 6, 13, '2021-03-07 16:56:02'),
(672, 5, 24, '2021-03-07 17:00:01'),
(673, 6, 13, '2021-03-07 17:00:01'),
(674, 5, 24, '2021-03-07 17:04:01'),
(675, 6, 13, '2021-03-07 17:04:02'),
(676, 5, 24, '2021-03-07 17:08:01'),
(677, 6, 13, '2021-03-07 17:08:02'),
(678, 5, 24, '2021-03-07 17:12:01'),
(679, 6, 13, '2021-03-07 17:12:01'),
(680, 5, 24, '2021-03-07 17:16:01'),
(681, 6, 12, '2021-03-07 17:16:01'),
(682, 5, 24, '2021-03-07 17:20:02'),
(683, 6, 12, '2021-03-07 17:20:02'),
(684, 5, 24, '2021-03-07 17:24:02'),
(685, 6, 12, '2021-03-07 17:24:02'),
(686, 5, 24, '2021-03-07 17:28:02'),
(687, 6, 12, '2021-03-07 17:28:02'),
(688, 5, 24, '2021-03-07 17:32:01'),
(689, 6, 12, '2021-03-07 17:32:02'),
(690, 5, 24, '2021-03-07 17:36:01'),
(691, 6, 12, '2021-03-07 17:36:01'),
(692, 5, 24, '2021-03-07 17:40:02'),
(693, 6, 12, '2021-03-07 17:40:02'),
(694, 5, 24, '2021-03-07 17:44:02'),
(695, 6, 12, '2021-03-07 17:44:02'),
(696, 5, 24, '2021-03-07 17:48:01'),
(697, 6, 12, '2021-03-07 17:48:02'),
(698, 5, 24, '2021-03-07 17:52:02'),
(699, 6, 11, '2021-03-07 17:52:02'),
(700, 5, 24, '2021-03-07 17:56:01'),
(701, 6, 11, '2021-03-07 17:56:02'),
(702, 5, 23, '2021-03-07 18:00:01'),
(703, 6, 11, '2021-03-07 18:00:02'),
(704, 5, 23, '2021-03-07 18:04:02'),
(705, 6, 11, '2021-03-07 18:04:02'),
(706, 5, 23, '2021-03-07 18:08:02'),
(707, 6, 11, '2021-03-07 18:08:02'),
(708, 5, 23, '2021-03-07 18:12:01'),
(709, 6, 11, '2021-03-07 18:12:02'),
(710, 5, 23, '2021-03-07 18:16:01'),
(711, 6, 11, '2021-03-07 18:16:01'),
(712, 5, 23, '2021-03-07 18:20:02'),
(713, 6, 11, '2021-03-07 18:20:02'),
(714, 5, 23, '2021-03-07 18:24:02'),
(715, 6, 11, '2021-03-07 18:24:02'),
(716, 5, 23, '2021-03-07 18:28:02'),
(717, 6, 11, '2021-03-07 18:28:03'),
(718, 5, 23, '2021-03-07 18:32:01'),
(719, 6, 11, '2021-03-07 18:32:01'),
(720, 5, 23, '2021-03-07 18:36:02'),
(721, 6, 11, '2021-03-07 18:36:02'),
(722, 5, 23, '2021-03-07 18:40:02'),
(723, 6, 11, '2021-03-07 18:40:02'),
(724, 5, 23, '2021-03-07 18:44:02'),
(725, 6, 11, '2021-03-07 18:44:02'),
(726, 5, 23, '2021-03-07 18:48:01'),
(727, 6, 11, '2021-03-07 18:48:02'),
(728, 5, 23, '2021-03-07 18:52:01'),
(729, 6, 11, '2021-03-07 18:52:02'),
(730, 5, 23, '2021-03-07 18:56:01'),
(731, 6, 11, '2021-03-07 18:56:02'),
(732, 5, 23, '2021-03-07 19:00:01'),
(733, 6, 11, '2021-03-07 19:00:01'),
(734, 5, 23, '2021-03-07 19:04:01'),
(735, 6, 11, '2021-03-07 19:04:02'),
(736, 5, 23, '2021-03-07 19:08:01'),
(737, 6, 11, '2021-03-07 19:08:02'),
(738, 5, 23, '2021-03-07 19:12:01'),
(739, 6, 11, '2021-03-07 19:12:01'),
(740, 5, 23, '2021-03-07 19:16:02'),
(741, 6, 11, '2021-03-07 19:16:02'),
(742, 5, 23, '2021-03-07 19:20:02'),
(743, 6, 11, '2021-03-07 19:20:02'),
(744, 5, 23, '2021-03-07 19:24:01'),
(745, 6, 11, '2021-03-07 19:24:02'),
(746, 5, 23, '2021-03-07 19:28:01'),
(747, 6, 11, '2021-03-07 19:28:01'),
(748, 5, 23, '2021-03-07 19:32:01'),
(749, 6, 11, '2021-03-07 19:32:01'),
(750, 5, 23, '2021-03-07 19:36:02'),
(751, 6, 11, '2021-03-07 19:36:02'),
(752, 5, 23, '2021-03-07 19:40:02'),
(753, 6, 11, '2021-03-07 19:40:02'),
(754, 5, 23, '2021-03-07 19:44:01'),
(755, 6, 11, '2021-03-07 19:44:02'),
(756, 5, 23, '2021-03-07 19:48:01'),
(757, 6, 11, '2021-03-07 19:48:01'),
(758, 5, 23, '2021-03-07 19:52:01'),
(759, 6, 11, '2021-03-07 19:52:01'),
(760, 5, 23, '2021-03-07 19:56:02'),
(761, 6, 11, '2021-03-07 19:56:02'),
(762, 5, 23, '2021-03-07 20:00:02'),
(763, 5, 23, '2021-03-07 20:04:02'),
(764, 6, 11, '2021-03-07 20:04:02'),
(765, 5, 23, '2021-03-07 20:08:01'),
(766, 6, 11, '2021-03-07 20:08:02'),
(767, 5, 23, '2021-03-07 20:12:01'),
(768, 6, 11, '2021-03-07 20:12:01'),
(769, 5, 23, '2021-03-07 20:16:02'),
(770, 6, 11, '2021-03-07 20:16:02'),
(771, 5, 23, '2021-03-07 20:20:02'),
(772, 6, 11, '2021-03-07 20:20:02'),
(773, 5, 23, '2021-03-07 20:24:01'),
(774, 6, 11, '2021-03-07 20:24:01'),
(775, 5, 23, '2021-03-07 20:28:01'),
(776, 6, 11, '2021-03-07 20:28:01'),
(777, 5, 23, '2021-03-07 20:32:02'),
(778, 6, 11, '2021-03-07 20:32:02'),
(779, 5, 23, '2021-03-07 20:36:02'),
(780, 6, 11, '2021-03-07 20:36:02'),
(781, 5, 23, '2021-03-07 20:40:01'),
(782, 6, 11, '2021-03-07 20:40:02'),
(783, 5, 23, '2021-03-07 20:44:01'),
(784, 6, 11, '2021-03-07 20:44:01'),
(785, 5, 23, '2021-03-07 20:48:02'),
(786, 6, 11, '2021-03-07 20:48:02'),
(787, 5, 23, '2021-03-07 20:52:02'),
(788, 6, 11, '2021-03-07 20:52:02'),
(789, 5, 23, '2021-03-07 20:56:02'),
(790, 6, 11, '2021-03-07 20:56:02'),
(791, 5, 23, '2021-03-07 21:00:01'),
(792, 6, 11, '2021-03-07 21:00:02'),
(793, 5, 23, '2021-03-07 21:04:01'),
(794, 6, 11, '2021-03-07 21:04:01'),
(795, 5, 23, '2021-03-07 21:08:02'),
(796, 6, 11, '2021-03-07 21:08:02'),
(797, 5, 23, '2021-03-07 21:12:02'),
(798, 6, 11, '2021-03-07 21:12:02'),
(799, 5, 23, '2021-03-07 21:16:01'),
(800, 6, 11, '2021-03-07 21:16:02'),
(801, 5, 23, '2021-03-07 21:20:01'),
(802, 6, 11, '2021-03-07 21:20:02'),
(803, 5, 23, '2021-03-07 21:24:01'),
(804, 6, 11, '2021-03-07 21:24:01'),
(805, 5, 23, '2021-03-07 21:28:02'),
(806, 6, 11, '2021-03-07 21:28:03'),
(807, 5, 23, '2021-03-07 21:32:01'),
(808, 6, 11, '2021-03-07 21:32:01'),
(809, 5, 23, '2021-03-07 21:36:02'),
(810, 6, 11, '2021-03-07 21:36:02'),
(811, 5, 23, '2021-03-07 21:40:02'),
(812, 6, 11, '2021-03-07 21:40:02'),
(813, 5, 23, '2021-03-07 21:44:02'),
(814, 6, 11, '2021-03-07 21:44:02'),
(815, 5, 23, '2021-03-07 21:48:02'),
(816, 6, 11, '2021-03-07 21:48:02'),
(817, 5, 23, '2021-03-07 21:52:02'),
(818, 6, 11, '2021-03-07 21:52:02'),
(819, 5, 23, '2021-03-07 21:56:01'),
(820, 6, 11, '2021-03-07 21:56:02'),
(821, 5, 23, '2021-03-07 22:00:01'),
(822, 6, 11, '2021-03-07 22:00:02'),
(823, 5, 23, '2021-03-07 22:04:01'),
(824, 6, 11, '2021-03-07 22:04:02'),
(825, 5, 23, '2021-03-07 22:08:01'),
(826, 6, 11, '2021-03-07 22:08:02'),
(827, 5, 23, '2021-03-07 22:12:01'),
(828, 6, 11, '2021-03-07 22:12:01'),
(829, 5, 22, '2021-03-07 22:16:02'),
(830, 6, 11, '2021-03-07 22:16:02'),
(831, 5, 23, '2021-03-07 22:20:02'),
(832, 6, 11, '2021-03-07 22:20:02'),
(833, 5, 22, '2021-03-07 22:24:01'),
(834, 6, 11, '2021-03-07 22:24:02'),
(835, 5, 22, '2021-03-07 22:28:01'),
(836, 6, 10, '2021-03-07 22:28:01'),
(837, 5, 22, '2021-03-07 22:32:02'),
(838, 6, 10, '2021-03-07 22:32:02'),
(839, 5, 22, '2021-03-07 22:36:02'),
(840, 6, 11, '2021-03-07 22:36:02'),
(841, 5, 22, '2021-03-07 22:40:01'),
(842, 6, 10, '2021-03-07 22:40:02'),
(843, 5, 22, '2021-03-07 22:44:01'),
(844, 6, 10, '2021-03-07 22:44:01'),
(845, 5, 22, '2021-03-07 22:48:02'),
(846, 6, 10, '2021-03-07 22:48:02'),
(847, 5, 22, '2021-03-07 22:52:02'),
(848, 6, 10, '2021-03-07 22:52:02'),
(849, 5, 22, '2021-03-07 22:56:01'),
(850, 6, 10, '2021-03-07 22:56:02'),
(851, 5, 22, '2021-03-07 23:00:02'),
(852, 6, 10, '2021-03-07 23:00:02'),
(853, 5, 22, '2021-03-07 23:04:02'),
(854, 6, 10, '2021-03-07 23:04:02'),
(855, 5, 22, '2021-03-07 23:08:02'),
(856, 6, 10, '2021-03-07 23:08:02'),
(857, 5, 22, '2021-03-07 23:12:01'),
(858, 6, 10, '2021-03-07 23:12:02'),
(859, 5, 22, '2021-03-07 23:16:01'),
(860, 6, 10, '2021-03-07 23:16:02'),
(861, 5, 22, '2021-03-07 23:20:01'),
(862, 6, 10, '2021-03-07 23:20:01'),
(863, 5, 22, '2021-03-07 23:24:02'),
(864, 6, 10, '2021-03-07 23:24:02'),
(865, 5, 22, '2021-03-07 23:28:02'),
(866, 6, 10, '2021-03-07 23:28:02'),
(867, 5, 22, '2021-03-07 23:32:02'),
(868, 6, 10, '2021-03-07 23:32:02'),
(869, 5, 22, '2021-03-07 23:36:01'),
(870, 6, 9, '2021-03-07 23:36:02'),
(871, 5, 22, '2021-03-07 23:40:01'),
(872, 6, 10, '2021-03-07 23:40:01'),
(873, 5, 22, '2021-03-07 23:44:02'),
(874, 6, 9, '2021-03-07 23:44:02'),
(875, 5, 22, '2021-03-07 23:48:02'),
(876, 6, 9, '2021-03-07 23:48:02'),
(877, 5, 22, '2021-03-07 23:52:01'),
(878, 6, 9, '2021-03-07 23:52:02'),
(879, 5, 22, '2021-03-07 23:56:01'),
(880, 6, 9, '2021-03-07 23:56:01'),
(881, 5, 22, '2021-03-08 00:04:02'),
(882, 6, 9, '2021-03-08 00:04:02'),
(883, 5, 22, '2021-03-08 00:08:02'),
(884, 6, 9, '2021-03-08 00:08:02'),
(885, 5, 22, '2021-03-08 00:12:02'),
(886, 6, 9, '2021-03-08 00:12:02'),
(887, 5, 22, '2021-03-08 00:16:01'),
(888, 6, 9, '2021-03-08 00:16:01'),
(889, 5, 22, '2021-03-08 00:20:01'),
(890, 6, 9, '2021-03-08 00:20:01'),
(891, 5, 22, '2021-03-08 00:24:02'),
(892, 6, 9, '2021-03-08 00:24:02'),
(893, 5, 22, '2021-03-08 00:28:01'),
(894, 6, 9, '2021-03-08 00:28:02'),
(895, 5, 22, '2021-03-08 00:32:01'),
(896, 6, 9, '2021-03-08 00:32:02'),
(897, 5, 22, '2021-03-08 00:36:01'),
(898, 6, 9, '2021-03-08 00:36:01'),
(899, 5, 22, '2021-03-08 00:40:02'),
(900, 6, 8, '2021-03-08 00:40:02'),
(901, 5, 22, '2021-03-08 00:44:02'),
(902, 6, 8, '2021-03-08 00:44:02'),
(903, 5, 22, '2021-03-08 00:48:01'),
(904, 6, 8, '2021-03-08 00:48:02'),
(905, 5, 22, '2021-03-08 00:52:01'),
(906, 6, 8, '2021-03-08 00:52:02'),
(907, 5, 22, '2021-03-08 00:56:01'),
(908, 6, 8, '2021-03-08 00:56:01'),
(909, 5, 22, '2021-03-08 01:04:02'),
(910, 6, 8, '2021-03-08 01:04:02'),
(911, 5, 22, '2021-03-08 01:08:01'),
(912, 6, 8, '2021-03-08 01:08:02'),
(913, 5, 22, '2021-03-08 01:12:01'),
(914, 6, 8, '2021-03-08 01:12:01'),
(915, 5, 22, '2021-03-08 01:16:02'),
(916, 6, 8, '2021-03-08 01:16:02'),
(917, 5, 22, '2021-03-08 01:20:02'),
(918, 6, 8, '2021-03-08 01:20:02'),
(919, 5, 22, '2021-03-08 01:24:01'),
(920, 6, 7, '2021-03-08 01:24:02'),
(921, 5, 21, '2021-03-08 01:28:01'),
(922, 6, 7, '2021-03-08 01:28:01'),
(923, 5, 21, '2021-03-08 01:32:02'),
(924, 6, 7, '2021-03-08 01:32:02'),
(925, 5, 21, '2021-03-08 01:36:02'),
(926, 6, 7, '2021-03-08 01:36:02'),
(927, 5, 21, '2021-03-08 01:40:02'),
(928, 6, 7, '2021-03-08 01:40:02'),
(929, 5, 21, '2021-03-08 01:44:02'),
(930, 6, 7, '2021-03-08 01:44:02'),
(931, 5, 21, '2021-03-08 01:48:01'),
(932, 6, 7, '2021-03-08 01:48:01'),
(933, 5, 21, '2021-03-08 01:52:01'),
(934, 6, 7, '2021-03-08 01:52:01'),
(935, 5, 21, '2021-03-08 01:56:02'),
(936, 6, 7, '2021-03-08 01:56:02'),
(937, 5, 21, '2021-03-08 02:00:01'),
(938, 6, 7, '2021-03-08 02:00:02'),
(939, 5, 21, '2021-03-08 02:04:02'),
(940, 6, 7, '2021-03-08 02:04:02'),
(941, 5, 21, '2021-03-08 02:08:02'),
(942, 6, 7, '2021-03-08 02:08:02'),
(943, 5, 21, '2021-03-08 02:12:02'),
(944, 6, 7, '2021-03-08 02:12:02'),
(945, 5, 21, '2021-03-08 02:16:01'),
(946, 6, 6, '2021-03-08 02:16:02'),
(947, 5, 21, '2021-03-08 02:20:01'),
(948, 6, 7, '2021-03-08 02:20:01'),
(949, 5, 21, '2021-03-08 02:24:02'),
(950, 6, 7, '2021-03-08 02:24:02'),
(951, 5, 21, '2021-03-08 02:28:01'),
(952, 6, 7, '2021-03-08 02:28:02'),
(953, 5, 21, '2021-03-08 02:32:01'),
(954, 6, 7, '2021-03-08 02:32:01'),
(955, 5, 21, '2021-03-08 02:36:02'),
(956, 6, 6, '2021-03-08 02:36:02'),
(957, 5, 21, '2021-03-08 02:40:02'),
(958, 6, 6, '2021-03-08 02:40:02'),
(959, 5, 21, '2021-03-08 02:44:01'),
(960, 6, 6, '2021-03-08 02:44:02'),
(961, 5, 21, '2021-03-08 02:48:01'),
(962, 6, 6, '2021-03-08 02:48:01'),
(963, 5, 21, '2021-03-08 02:52:01'),
(964, 6, 6, '2021-03-08 02:52:01'),
(965, 5, 21, '2021-03-08 02:56:02'),
(966, 6, 6, '2021-03-08 02:56:02'),
(967, 5, 21, '2021-03-08 03:00:01'),
(968, 6, 6, '2021-03-08 03:00:02'),
(969, 5, 21, '2021-03-08 03:04:02'),
(970, 6, 6, '2021-03-08 03:04:02'),
(971, 5, 21, '2021-03-08 03:08:01'),
(972, 6, 6, '2021-03-08 03:08:02'),
(973, 5, 21, '2021-03-08 03:12:02'),
(974, 6, 6, '2021-03-08 03:12:02'),
(975, 5, 21, '2021-03-08 03:16:01'),
(976, 6, 6, '2021-03-08 03:16:02'),
(977, 5, 21, '2021-03-08 03:20:01'),
(978, 6, 6, '2021-03-08 03:20:01'),
(979, 5, 21, '2021-03-08 03:24:02'),
(980, 6, 6, '2021-03-08 03:24:02'),
(981, 5, 21, '2021-03-08 03:28:02'),
(982, 6, 5, '2021-03-08 03:28:02'),
(983, 5, 21, '2021-03-08 03:32:01'),
(984, 6, 6, '2021-03-08 03:32:01'),
(985, 5, 21, '2021-03-08 03:36:02'),
(986, 6, 5, '2021-03-08 03:36:02'),
(987, 5, 21, '2021-03-08 03:40:01'),
(988, 6, 5, '2021-03-08 03:40:02'),
(989, 5, 21, '2021-03-08 03:44:01'),
(990, 6, 5, '2021-03-08 03:44:01'),
(991, 5, 21, '2021-03-08 03:48:01'),
(992, 6, 6, '2021-03-08 03:48:01'),
(993, 5, 21, '2021-03-08 03:52:02'),
(994, 6, 5, '2021-03-08 03:52:02'),
(995, 5, 21, '2021-03-08 03:56:01'),
(996, 6, 5, '2021-03-08 03:56:02'),
(997, 5, 21, '2021-03-08 04:00:01'),
(998, 6, 5, '2021-03-08 04:00:01'),
(999, 5, 21, '2021-03-08 04:04:02'),
(1000, 6, 5, '2021-03-08 04:04:02'),
(1001, 5, 21, '2021-03-08 04:08:02'),
(1002, 6, 5, '2021-03-08 04:08:02'),
(1003, 5, 21, '2021-03-08 04:12:01'),
(1004, 6, 5, '2021-03-08 04:12:02'),
(1005, 5, 21, '2021-03-08 04:16:01'),
(1006, 6, 5, '2021-03-08 04:16:01'),
(1007, 5, 21, '2021-03-08 04:20:02'),
(1008, 6, 5, '2021-03-08 04:20:02'),
(1009, 5, 21, '2021-03-08 04:24:02'),
(1010, 6, 5, '2021-03-08 04:24:02'),
(1011, 5, 20, '2021-03-08 04:28:01'),
(1012, 6, 5, '2021-03-08 04:28:02'),
(1013, 5, 20, '2021-03-08 04:32:01'),
(1014, 6, 5, '2021-03-08 04:32:01'),
(1015, 5, 20, '2021-03-08 04:36:01'),
(1016, 6, 5, '2021-03-08 04:36:01'),
(1017, 5, 20, '2021-03-08 04:40:02'),
(1018, 6, 5, '2021-03-08 04:40:02'),
(1019, 5, 20, '2021-03-08 04:44:01'),
(1020, 6, 5, '2021-03-08 04:44:02'),
(1021, 5, 20, '2021-03-08 04:48:01'),
(1022, 6, 5, '2021-03-08 04:48:01'),
(1023, 5, 20, '2021-03-08 04:52:01'),
(1024, 6, 5, '2021-03-08 04:52:01'),
(1025, 5, 20, '2021-03-08 04:56:02'),
(1026, 6, 5, '2021-03-08 04:56:02'),
(1027, 5, 20, '2021-03-08 05:00:01'),
(1028, 6, 5, '2021-03-08 05:00:02'),
(1029, 5, 20, '2021-03-08 05:04:01'),
(1030, 6, 5, '2021-03-08 05:04:01'),
(1031, 5, 20, '2021-03-08 05:08:02'),
(1032, 6, 4, '2021-03-08 05:08:02'),
(1033, 5, 20, '2021-03-08 05:12:02'),
(1034, 6, 4, '2021-03-08 05:12:02'),
(1035, 5, 20, '2021-03-08 05:16:01'),
(1036, 6, 4, '2021-03-08 05:16:02'),
(1037, 5, 20, '2021-03-08 05:20:01'),
(1038, 6, 4, '2021-03-08 05:20:01'),
(1039, 5, 20, '2021-03-08 05:24:02'),
(1040, 6, 4, '2021-03-08 05:24:02'),
(1041, 5, 20, '2021-03-08 05:28:02'),
(1042, 6, 4, '2021-03-08 05:28:02'),
(1043, 5, 20, '2021-03-08 05:32:02'),
(1044, 6, 4, '2021-03-08 05:32:02'),
(1045, 5, 20, '2021-03-08 05:36:01'),
(1046, 6, 4, '2021-03-08 05:36:02'),
(1047, 5, 20, '2021-03-08 05:40:01'),
(1048, 6, 5, '2021-03-08 05:40:02'),
(1049, 5, 20, '2021-03-08 05:44:01'),
(1050, 6, 5, '2021-03-08 05:44:01'),
(1051, 5, 20, '2021-03-08 05:48:01'),
(1052, 6, 5, '2021-03-08 05:48:01'),
(1053, 5, 20, '2021-03-08 05:52:02'),
(1054, 6, 5, '2021-03-08 05:52:02'),
(1055, 5, 20, '2021-03-08 05:56:02'),
(1056, 6, 5, '2021-03-08 05:56:02'),
(1057, 5, 20, '2021-03-08 06:00:02'),
(1058, 6, 4, '2021-03-08 06:00:02'),
(1059, 5, 20, '2021-03-08 06:04:02'),
(1060, 6, 4, '2021-03-08 06:04:02'),
(1061, 5, 20, '2021-03-08 06:08:02'),
(1062, 6, 4, '2021-03-08 06:08:02'),
(1063, 5, 20, '2021-03-08 06:12:01'),
(1064, 6, 5, '2021-03-08 06:12:02'),
(1065, 5, 20, '2021-03-08 06:16:01'),
(1066, 6, 5, '2021-03-08 06:16:01'),
(1067, 5, 20, '2021-03-08 06:20:02'),
(1068, 6, 5, '2021-03-08 06:20:02'),
(1069, 5, 20, '2021-03-08 06:24:02'),
(1070, 6, 5, '2021-03-08 06:24:02'),
(1071, 5, 20, '2021-03-08 06:28:01'),
(1072, 6, 5, '2021-03-08 06:28:02'),
(1073, 5, 21, '2021-03-08 06:32:01'),
(1074, 6, 5, '2021-03-08 06:32:01'),
(1075, 5, 21, '2021-03-08 06:36:01'),
(1076, 6, 5, '2021-03-08 06:36:01'),
(1077, 5, 21, '2021-03-08 06:40:02'),
(1078, 6, 5, '2021-03-08 06:40:02'),
(1079, 5, 21, '2021-03-08 06:44:01'),
(1080, 6, 5, '2021-03-08 06:44:02'),
(1081, 5, 21, '2021-03-08 06:48:01'),
(1082, 6, 6, '2021-03-08 06:48:01'),
(1083, 5, 21, '2021-03-08 06:52:01'),
(1084, 6, 6, '2021-03-08 06:52:01'),
(1085, 5, 21, '2021-03-08 06:56:02'),
(1086, 6, 6, '2021-03-08 06:56:02'),
(1087, 5, 21, '2021-03-08 07:00:02'),
(1088, 6, 6, '2021-03-08 07:00:02'),
(1089, 5, 21, '2021-03-08 07:04:02'),
(1090, 6, 6, '2021-03-08 07:04:02'),
(1091, 5, 21, '2021-03-08 07:08:02'),
(1092, 6, 6, '2021-03-08 07:08:02'),
(1093, 5, 21, '2021-03-08 07:12:02'),
(1094, 6, 7, '2021-03-08 07:12:02'),
(1095, 5, 21, '2021-03-08 07:16:01'),
(1096, 6, 7, '2021-03-08 07:16:02'),
(1097, 5, 21, '2021-03-08 07:20:01'),
(1098, 6, 7, '2021-03-08 07:20:01'),
(1099, 5, 21, '2021-03-08 07:24:02'),
(1100, 6, 7, '2021-03-08 07:24:02'),
(1101, 5, 21, '2021-03-08 07:28:02'),
(1102, 6, 7, '2021-03-08 07:28:02'),
(1103, 5, 21, '2021-03-08 07:32:01'),
(1104, 6, 7, '2021-03-08 07:32:02'),
(1105, 5, 21, '2021-03-08 07:36:01'),
(1106, 6, 7, '2021-03-08 07:36:01'),
(1107, 5, 21, '2021-03-08 07:40:02'),
(1108, 6, 7, '2021-03-08 07:40:02'),
(1109, 5, 21, '2021-03-08 07:44:02'),
(1110, 6, 7, '2021-03-08 07:44:02'),
(1111, 5, 21, '2021-03-08 07:48:01'),
(1112, 6, 8, '2021-03-08 07:48:02'),
(1113, 5, 21, '2021-03-08 07:52:01'),
(1114, 6, 8, '2021-03-08 07:52:01'),
(1115, 5, 21, '2021-03-08 07:56:02'),
(1116, 6, 8, '2021-03-08 07:56:02'),
(1117, 5, 21, '2021-03-08 08:04:02'),
(1118, 6, 9, '2021-03-08 08:04:02'),
(1119, 5, 21, '2021-03-08 08:08:01'),
(1120, 6, 9, '2021-03-08 08:08:02'),
(1121, 5, 21, '2021-03-08 08:12:01'),
(1122, 6, 10, '2021-03-08 08:12:01'),
(1123, 5, 22, '2021-03-08 08:16:01'),
(1124, 6, 10, '2021-03-08 08:16:01'),
(1125, 5, 22, '2021-03-08 08:20:02'),
(1126, 6, 10, '2021-03-08 08:20:02'),
(1127, 5, 22, '2021-03-08 08:24:02'),
(1128, 6, 10, '2021-03-08 08:24:02'),
(1129, 5, 22, '2021-03-08 08:28:01'),
(1130, 6, 11, '2021-03-08 08:28:02'),
(1131, 5, 22, '2021-03-08 08:32:01'),
(1132, 6, 11, '2021-03-08 08:32:01'),
(1133, 5, 22, '2021-03-08 08:36:01'),
(1134, 6, 12, '2021-03-08 08:36:01'),
(1135, 5, 22, '2021-03-08 08:40:02'),
(1136, 6, 12, '2021-03-08 08:40:02'),
(1137, 5, 22, '2021-03-08 08:44:01'),
(1138, 6, 12, '2021-03-08 08:44:02'),
(1139, 5, 22, '2021-03-08 08:48:01'),
(1140, 6, 12, '2021-03-08 08:48:01'),
(1141, 5, 22, '2021-03-08 08:52:01'),
(1142, 6, 13, '2021-03-08 08:52:01'),
(1143, 5, 23, '2021-03-08 08:56:02'),
(1144, 6, 13, '2021-03-08 08:56:02'),
(1145, 5, 23, '2021-03-08 09:00:02'),
(1146, 6, 13, '2021-03-08 09:00:02'),
(1147, 5, 23, '2021-03-08 09:04:02'),
(1148, 6, 14, '2021-03-08 09:04:02'),
(1149, 5, 23, '2021-03-08 09:08:01'),
(1150, 6, 14, '2021-03-08 09:08:02'),
(1151, 5, 23, '2021-03-08 09:12:01'),
(1152, 6, 15, '2021-03-08 09:12:02'),
(1153, 5, 23, '2021-03-08 09:16:01'),
(1154, 6, 15, '2021-03-08 09:16:02'),
(1155, 5, 23, '2021-03-08 09:20:01'),
(1156, 6, 16, '2021-03-08 09:20:01'),
(1157, 5, 23, '2021-03-08 09:24:02'),
(1158, 6, 16, '2021-03-08 09:24:02'),
(1159, 5, 23, '2021-03-08 09:28:02'),
(1160, 6, 17, '2021-03-08 09:28:02'),
(1161, 5, 24, '2021-03-08 09:32:02'),
(1162, 6, 18, '2021-03-08 09:32:02'),
(1163, 5, 24, '2021-03-08 09:36:01'),
(1164, 6, 21, '2021-03-08 09:36:01'),
(1165, 5, 24, '2021-03-08 09:40:01'),
(1166, 6, 21, '2021-03-08 09:40:01'),
(1167, 5, 24, '2021-03-08 09:44:02'),
(1168, 6, 21, '2021-03-08 09:44:02'),
(1169, 5, 24, '2021-03-08 09:48:01'),
(1170, 6, 22, '2021-03-08 09:48:02'),
(1171, 5, 24, '2021-03-08 09:52:01'),
(1172, 6, 22, '2021-03-08 09:52:02'),
(1173, 5, 24, '2021-03-08 09:56:01'),
(1174, 6, 24, '2021-03-08 09:56:01'),
(1175, 5, 24, '2021-03-08 10:04:02'),
(1176, 6, 24, '2021-03-08 10:04:02'),
(1177, 5, 24, '2021-03-08 10:08:02'),
(1178, 6, 22, '2021-03-08 10:08:02'),
(1179, 5, 24, '2021-03-08 10:12:02'),
(1180, 6, 23, '2021-03-08 10:12:02'),
(1181, 5, 24, '2021-03-08 10:16:02'),
(1182, 6, 23, '2021-03-08 10:16:02'),
(1183, 5, 24, '2021-03-08 10:20:02'),
(1184, 6, 24, '2021-03-08 10:20:02'),
(1185, 5, 25, '2021-03-08 10:24:01'),
(1186, 6, 23, '2021-03-08 10:24:02'),
(1187, 5, 25, '2021-03-08 10:28:01'),
(1188, 6, 26, '2021-03-08 10:28:01'),
(1189, 5, 25, '2021-03-08 10:32:02'),
(1190, 6, 25, '2021-03-08 10:32:02'),
(1191, 5, 25, '2021-03-08 10:36:01'),
(1192, 6, 23, '2021-03-08 10:36:02'),
(1193, 5, 25, '2021-03-08 10:40:01'),
(1194, 6, 25, '2021-03-08 10:40:01'),
(1195, 5, 25, '2021-03-08 10:44:02'),
(1196, 6, 26, '2021-03-08 10:44:02'),
(1197, 5, 25, '2021-03-08 10:48:02'),
(1198, 6, 23, '2021-03-08 10:48:02'),
(1199, 5, 25, '2021-03-08 10:52:02'),
(1200, 6, 22, '2021-03-08 10:52:02'),
(1201, 5, 25, '2021-03-08 10:56:01'),
(1202, 6, 23, '2021-03-08 10:56:02'),
(1203, 5, 24, '2021-03-08 11:00:01'),
(1204, 6, 21, '2021-03-08 11:00:01'),
(1205, 5, 23, '2021-03-08 11:04:02'),
(1206, 6, 22, '2021-03-08 11:04:02'),
(1207, 5, 23, '2021-03-08 11:08:02'),
(1208, 6, 24, '2021-03-08 11:08:02'),
(1209, 5, 23, '2021-03-08 11:12:02'),
(1210, 6, 25, '2021-03-08 11:12:02'),
(1211, 5, 23, '2021-03-08 11:16:01'),
(1212, 6, 23, '2021-03-08 11:16:02'),
(1213, 5, 23, '2021-03-08 11:20:01'),
(1214, 6, 24, '2021-03-08 11:20:01'),
(1215, 5, 23, '2021-03-08 11:24:02'),
(1216, 6, 24, '2021-03-08 11:24:02'),
(1217, 5, 23, '2021-03-08 11:28:01'),
(1218, 6, 22, '2021-03-08 11:28:02'),
(1219, 5, 23, '2021-03-08 11:32:01'),
(1220, 6, 23, '2021-03-08 11:32:02'),
(1221, 5, 23, '2021-03-08 11:36:01'),
(1222, 6, 25, '2021-03-08 11:36:02'),
(1223, 5, 23, '2021-03-08 11:40:01'),
(1224, 6, 25, '2021-03-08 11:40:01'),
(1225, 5, 23, '2021-03-08 11:44:02'),
(1226, 6, 25, '2021-03-08 11:44:02'),
(1227, 5, 23, '2021-03-08 11:48:02'),
(1228, 6, 25, '2021-03-08 11:48:02'),
(1229, 5, 23, '2021-03-08 11:52:01'),
(1230, 6, 25, '2021-03-08 11:52:02'),
(1231, 5, 23, '2021-03-08 11:56:01'),
(1232, 6, 26, '2021-03-08 11:56:01'),
(1233, 5, 23, '2021-03-08 12:00:02'),
(1234, 6, 25, '2021-03-08 12:00:02'),
(1235, 5, 23, '2021-03-08 12:04:02'),
(1236, 6, 24, '2021-03-08 12:04:02'),
(1237, 5, 23, '2021-03-08 12:08:02'),
(1238, 6, 25, '2021-03-08 12:08:02'),
(1239, 5, 23, '2021-03-08 12:12:01'),
(1240, 6, 27, '2021-03-08 12:12:02'),
(1241, 5, 23, '2021-03-08 12:16:01'),
(1242, 6, 28, '2021-03-08 12:16:02'),
(1243, 5, 23, '2021-03-08 12:20:01'),
(1244, 6, 28, '2021-03-08 12:20:02'),
(1245, 5, 23, '2021-03-08 12:24:01'),
(1246, 6, 27, '2021-03-08 12:24:01'),
(1247, 5, 23, '2021-03-08 12:28:02'),
(1248, 6, 26, '2021-03-08 12:28:02'),
(1249, 5, 23, '2021-03-08 12:32:02'),
(1250, 6, 27, '2021-03-08 12:32:02'),
(1251, 5, 24, '2021-03-08 12:36:01'),
(1252, 6, 26, '2021-03-08 12:36:02'),
(1253, 5, 23, '2021-03-08 12:40:01'),
(1254, 6, 27, '2021-03-08 12:40:01'),
(1255, 5, 24, '2021-03-08 12:44:02'),
(1256, 6, 27, '2021-03-08 12:44:02'),
(1257, 5, 24, '2021-03-08 12:48:02'),
(1258, 6, 28, '2021-03-08 12:48:02'),
(1259, 5, 24, '2021-03-08 12:52:01'),
(1260, 6, 29, '2021-03-08 12:52:02'),
(1261, 5, 24, '2021-03-08 12:56:01'),
(1262, 6, 29, '2021-03-08 12:56:01'),
(1263, 5, 24, '2021-03-08 13:00:01'),
(1264, 6, 30, '2021-03-08 13:00:01'),
(1265, 5, 24, '2021-03-08 13:04:01'),
(1266, 6, 24, '2021-03-08 13:04:01'),
(1267, 5, 24, '2021-03-08 13:08:02'),
(1268, 6, 22, '2021-03-08 13:08:02'),
(1269, 5, 24, '2021-03-08 13:16:02'),
(1270, 6, 22, '2021-03-08 13:16:02'),
(1271, 5, 24, '2021-03-08 13:20:02'),
(1272, 6, 22, '2021-03-08 13:20:02'),
(1273, 5, 24, '2021-03-08 13:24:02'),
(1274, 6, 22, '2021-03-08 13:24:02'),
(1275, 5, 24, '2021-03-08 13:28:01'),
(1276, 6, 25, '2021-03-08 13:28:02'),
(1277, 5, 24, '2021-03-08 13:32:01'),
(1278, 6, 21, '2021-03-08 13:32:01'),
(1279, 5, 24, '2021-03-08 13:36:02'),
(1280, 6, 22, '2021-03-08 13:36:02'),
(1281, 5, 24, '2021-03-08 13:40:02'),
(1282, 6, 26, '2021-03-08 13:40:02'),
(1283, 5, 24, '2021-03-08 13:44:01'),
(1284, 6, 26, '2021-03-08 13:44:02'),
(1285, 5, 24, '2021-03-08 13:48:01'),
(1286, 6, 21, '2021-03-08 13:48:01'),
(1287, 5, 24, '2021-03-08 13:52:01'),
(1288, 6, 20, '2021-03-08 13:52:01'),
(1289, 5, 24, '2021-03-08 13:56:02'),
(1290, 6, 20, '2021-03-08 13:56:02'),
(1291, 5, 24, '2021-03-08 14:00:02'),
(1292, 6, 22, '2021-03-08 14:00:02'),
(1293, 5, 24, '2021-03-08 14:04:02'),
(1294, 6, 19, '2021-03-08 14:04:02'),
(1295, 5, 24, '2021-03-08 14:08:02'),
(1296, 6, 19, '2021-03-08 14:08:02'),
(1297, 5, 24, '2021-03-08 14:12:01'),
(1298, 6, 17, '2021-03-08 14:12:02'),
(1299, 5, 24, '2021-03-08 14:16:06'),
(1300, 6, 18, '2021-03-08 14:16:07'),
(1301, 5, 24, '2021-03-08 14:20:01'),
(1302, 6, 18, '2021-03-08 14:20:02'),
(1303, 5, 24, '2021-03-08 14:24:01'),
(1304, 6, 18, '2021-03-08 14:24:01'),
(1305, 5, 24, '2021-03-08 14:28:01'),
(1306, 6, 19, '2021-03-08 14:28:01'),
(1307, 5, 24, '2021-03-08 14:32:02'),
(1308, 6, 20, '2021-03-08 14:32:02'),
(1309, 5, 24, '2021-03-08 14:36:02'),
(1310, 6, 20, '2021-03-08 14:36:03'),
(1311, 5, 24, '2021-03-08 14:40:01'),
(1312, 6, 18, '2021-03-08 14:40:01'),
(1313, 5, 24, '2021-03-08 14:44:02'),
(1314, 6, 19, '2021-03-08 14:44:02'),
(1315, 5, 24, '2021-03-08 14:48:02'),
(1316, 6, 18, '2021-03-08 14:48:02'),
(1317, 5, 24, '2021-03-08 14:52:01'),
(1318, 6, 18, '2021-03-08 14:52:02'),
(1319, 5, 24, '2021-03-08 14:56:02'),
(1320, 6, 18, '2021-03-08 14:56:02'),
(1321, 5, 24, '2021-03-08 15:00:02'),
(1322, 5, 24, '2021-03-08 15:04:01'),
(1323, 6, 18, '2021-03-08 15:04:01'),
(1324, 5, 24, '2021-03-08 15:08:06'),
(1325, 6, 17, '2021-03-08 15:08:06'),
(1326, 5, 24, '2021-03-08 15:12:01'),
(1327, 6, 17, '2021-03-08 15:12:01'),
(1328, 5, 24, '2021-03-08 15:16:02'),
(1329, 6, 17, '2021-03-08 15:16:02'),
(1330, 5, 24, '2021-03-08 15:20:02'),
(1331, 6, 17, '2021-03-08 15:20:02'),
(1332, 5, 24, '2021-03-08 15:24:01'),
(1333, 6, 17, '2021-03-08 15:24:02'),
(1334, 5, 24, '2021-03-08 15:28:01'),
(1335, 6, 16, '2021-03-08 15:28:01'),
(1336, 5, 24, '2021-03-08 15:32:01'),
(1337, 6, 17, '2021-03-08 15:32:01'),
(1338, 5, 24, '2021-03-08 15:36:02'),
(1339, 6, 17, '2021-03-08 15:36:02'),
(1340, 5, 24, '2021-03-08 15:40:02'),
(1341, 6, 16, '2021-03-08 15:40:02'),
(1342, 5, 24, '2021-03-08 15:44:01'),
(1343, 6, 15, '2021-03-08 15:44:02'),
(1344, 5, 24, '2021-03-08 15:48:01'),
(1345, 6, 16, '2021-03-08 15:48:01'),
(1346, 5, 24, '2021-03-08 15:52:01'),
(1347, 6, 15, '2021-03-08 15:52:01'),
(1348, 5, 24, '2021-03-08 15:56:02'),
(1349, 6, 16, '2021-03-08 15:56:02'),
(1350, 5, 24, '2021-03-08 16:00:02'),
(1351, 6, 15, '2021-03-08 16:00:02'),
(1352, 5, 24, '2021-03-08 16:04:02'),
(1353, 6, 15, '2021-03-08 16:04:02'),
(1354, 5, 24, '2021-03-08 16:08:02'),
(1355, 6, 15, '2021-03-08 16:08:02'),
(1356, 5, 24, '2021-03-08 16:12:01'),
(1357, 6, 15, '2021-03-08 16:12:02'),
(1358, 5, 24, '2021-03-08 16:16:01'),
(1359, 6, 14, '2021-03-08 16:16:01'),
(1360, 5, 23, '2021-03-08 16:20:02'),
(1361, 6, 15, '2021-03-08 16:20:02'),
(1362, 5, 23, '2021-03-08 16:24:02'),
(1363, 6, 15, '2021-03-08 16:24:02'),
(1364, 5, 23, '2021-03-08 16:28:02'),
(1365, 6, 14, '2021-03-08 16:28:02'),
(1366, 5, 23, '2021-03-08 16:32:02'),
(1367, 6, 14, '2021-03-08 16:32:02'),
(1368, 5, 23, '2021-03-08 16:36:02'),
(1369, 6, 15, '2021-03-08 16:36:02'),
(1370, 5, 23, '2021-03-08 16:40:02'),
(1371, 6, 15, '2021-03-08 16:40:02'),
(1372, 5, 23, '2021-03-08 16:44:01'),
(1373, 6, 14, '2021-03-08 16:44:02'),
(1374, 5, 23, '2021-03-08 16:48:01'),
(1375, 6, 14, '2021-03-08 16:48:01'),
(1376, 5, 23, '2021-03-08 16:52:02'),
(1377, 6, 14, '2021-03-08 16:52:02'),
(1378, 5, 23, '2021-03-08 16:56:02'),
(1379, 6, 14, '2021-03-08 16:56:02'),
(1380, 5, 23, '2021-03-08 17:00:02'),
(1381, 6, 14, '2021-03-08 17:00:02'),
(1382, 5, 23, '2021-03-08 17:04:01'),
(1383, 6, 14, '2021-03-08 17:04:02'),
(1384, 5, 23, '2021-03-08 17:08:01'),
(1385, 6, 14, '2021-03-08 17:08:01'),
(1386, 5, 23, '2021-03-08 17:12:02'),
(1387, 6, 13, '2021-03-08 17:12:02'),
(1388, 5, 23, '2021-03-08 17:16:02'),
(1389, 6, 13, '2021-03-08 17:16:02'),
(1390, 5, 22, '2021-03-08 17:20:01'),
(1391, 6, 13, '2021-03-08 17:20:02'),
(1392, 5, 22, '2021-03-08 17:24:01'),
(1393, 6, 13, '2021-03-08 17:24:01'),
(1394, 5, 22, '2021-03-08 17:28:02'),
(1395, 6, 13, '2021-03-08 17:28:02'),
(1396, 5, 22, '2021-03-08 17:32:02'),
(1397, 6, 13, '2021-03-08 17:32:02'),
(1398, 5, 22, '2021-03-08 17:36:01'),
(1399, 6, 13, '2021-03-08 17:36:02'),
(1400, 5, 22, '2021-03-08 17:40:01'),
(1401, 6, 13, '2021-03-08 17:40:01'),
(1402, 5, 22, '2021-03-08 17:44:01'),
(1403, 6, 12, '2021-03-08 17:44:01'),
(1404, 5, 22, '2021-03-08 17:48:02'),
(1405, 6, 12, '2021-03-08 17:48:02'),
(1406, 5, 22, '2021-03-08 17:52:01'),
(1407, 6, 12, '2021-03-08 17:52:02'),
(1408, 5, 22, '2021-03-08 17:56:01'),
(1409, 6, 12, '2021-03-08 17:56:01'),
(1410, 5, 22, '2021-03-08 18:04:01'),
(1411, 6, 12, '2021-03-08 18:04:02'),
(1412, 5, 22, '2021-03-08 18:08:01'),
(1413, 6, 12, '2021-03-08 18:08:02'),
(1414, 5, 22, '2021-03-08 18:12:02'),
(1415, 6, 12, '2021-03-08 18:12:02'),
(1416, 5, 22, '2021-03-08 18:16:02'),
(1417, 6, 12, '2021-03-08 18:16:02'),
(1418, 5, 22, '2021-03-08 18:20:02'),
(1419, 6, 12, '2021-03-08 18:20:02'),
(1420, 5, 22, '2021-03-08 18:24:02'),
(1421, 6, 12, '2021-03-08 18:24:02'),
(1422, 5, 22, '2021-03-08 18:28:02'),
(1423, 6, 12, '2021-03-08 18:28:03'),
(1424, 5, 22, '2021-03-08 18:32:01'),
(1425, 6, 12, '2021-03-08 18:32:02'),
(1426, 5, 22, '2021-03-08 18:36:01'),
(1427, 6, 12, '2021-03-08 18:36:02'),
(1428, 5, 22, '2021-03-08 18:40:01'),
(1429, 6, 11, '2021-03-08 18:40:01'),
(1430, 5, 22, '2021-03-08 18:44:02'),
(1431, 6, 11, '2021-03-08 18:44:02'),
(1432, 5, 22, '2021-03-08 18:48:01'),
(1433, 6, 11, '2021-03-08 18:48:02'),
(1434, 5, 22, '2021-03-08 18:52:02'),
(1435, 6, 11, '2021-03-08 18:52:03');
INSERT INTO `sensor_data` (`id`, `sensor_id`, `temperature`, `timestamp`) VALUES
(1436, 5, 22, '2021-03-08 18:56:02'),
(1437, 6, 11, '2021-03-08 18:56:02'),
(1438, 5, 22, '2021-03-08 19:00:02'),
(1439, 6, 11, '2021-03-08 19:00:02'),
(1440, 5, 22, '2021-03-08 19:04:01'),
(1441, 6, 11, '2021-03-08 19:04:02'),
(1442, 5, 21, '2021-03-08 19:08:02'),
(1443, 6, 11, '2021-03-08 19:08:02'),
(1444, 5, 21, '2021-03-08 19:12:02'),
(1445, 6, 11, '2021-03-08 19:12:02'),
(1446, 5, 21, '2021-03-08 19:16:02'),
(1447, 6, 10, '2021-03-08 19:16:02'),
(1448, 5, 21, '2021-03-08 19:20:01'),
(1449, 6, 10, '2021-03-08 19:20:01'),
(1450, 5, 21, '2021-03-08 19:24:02'),
(1451, 6, 10, '2021-03-08 19:24:02'),
(1452, 5, 21, '2021-03-08 19:28:02'),
(1453, 6, 10, '2021-03-08 19:28:02'),
(1454, 5, 21, '2021-03-08 19:32:02'),
(1455, 6, 10, '2021-03-08 19:32:02'),
(1456, 5, 21, '2021-03-08 19:36:02'),
(1457, 6, 10, '2021-03-08 19:36:02'),
(1458, 5, 21, '2021-03-08 19:40:01'),
(1459, 6, 10, '2021-03-08 19:40:02'),
(1460, 5, 21, '2021-03-08 19:44:01'),
(1461, 6, 10, '2021-03-08 19:44:01'),
(1462, 5, 21, '2021-03-08 19:48:02'),
(1463, 6, 10, '2021-03-08 19:48:02'),
(1464, 5, 21, '2021-03-08 19:52:02'),
(1465, 6, 9, '2021-03-08 19:52:02'),
(1466, 5, 21, '2021-03-08 19:56:01'),
(1467, 6, 9, '2021-03-08 19:56:02'),
(1468, 5, 21, '2021-03-08 20:00:01'),
(1469, 6, 9, '2021-03-08 20:00:02'),
(1470, 5, 21, '2021-03-08 20:04:01'),
(1471, 6, 9, '2021-03-08 20:04:01'),
(1472, 5, 21, '2021-03-08 20:08:02'),
(1473, 6, 9, '2021-03-08 20:08:02'),
(1474, 5, 21, '2021-03-08 20:12:02'),
(1475, 6, 9, '2021-03-08 20:12:02'),
(1476, 5, 21, '2021-03-08 20:16:01'),
(1477, 6, 9, '2021-03-08 20:16:01'),
(1478, 5, 21, '2021-03-08 20:20:01'),
(1479, 6, 9, '2021-03-08 20:20:01'),
(1480, 5, 21, '2021-03-08 20:24:02'),
(1481, 6, 9, '2021-03-08 20:24:02'),
(1482, 5, 21, '2021-03-08 20:28:02'),
(1483, 6, 9, '2021-03-08 20:28:02'),
(1484, 5, 21, '2021-03-08 20:32:01'),
(1485, 6, 9, '2021-03-08 20:32:02'),
(1486, 5, 21, '2021-03-08 20:36:01'),
(1487, 6, 9, '2021-03-08 20:36:01'),
(1488, 5, 21, '2021-03-08 20:40:02'),
(1489, 6, 9, '2021-03-08 20:40:02'),
(1490, 5, 21, '2021-03-08 20:44:02'),
(1491, 6, 9, '2021-03-08 20:44:02'),
(1492, 5, 21, '2021-03-08 20:48:01'),
(1493, 6, 9, '2021-03-08 20:48:02'),
(1494, 5, 21, '2021-03-08 20:52:01'),
(1495, 6, 8, '2021-03-08 20:52:01'),
(1496, 5, 21, '2021-03-08 20:56:01'),
(1497, 6, 8, '2021-03-08 20:56:01'),
(1498, 5, 21, '2021-03-08 21:00:02'),
(1499, 6, 8, '2021-03-08 21:00:02'),
(1500, 5, 21, '2021-03-08 21:04:01'),
(1501, 6, 9, '2021-03-08 21:04:02'),
(1502, 5, 21, '2021-03-08 21:08:01'),
(1503, 6, 8, '2021-03-08 21:08:01'),
(1504, 5, 21, '2021-03-08 21:12:02'),
(1505, 6, 8, '2021-03-08 21:12:02'),
(1506, 5, 21, '2021-03-08 21:16:02'),
(1507, 6, 8, '2021-03-08 21:16:02'),
(1508, 5, 21, '2021-03-08 21:20:01'),
(1509, 6, 8, '2021-03-08 21:20:02'),
(1510, 5, 21, '2021-03-08 21:24:01'),
(1511, 6, 8, '2021-03-08 21:24:02'),
(1512, 5, 21, '2021-03-08 21:28:01'),
(1513, 6, 8, '2021-03-08 21:28:01'),
(1514, 5, 21, '2021-03-08 21:32:02'),
(1515, 6, 8, '2021-03-08 21:32:02'),
(1516, 5, 21, '2021-03-08 21:36:02'),
(1517, 6, 8, '2021-03-08 21:36:02'),
(1518, 5, 21, '2021-03-08 21:40:01'),
(1519, 6, 8, '2021-03-08 21:40:01'),
(1520, 5, 21, '2021-03-08 21:44:02'),
(1521, 6, 8, '2021-03-08 21:44:03'),
(1522, 5, 21, '2021-03-08 21:48:01'),
(1523, 6, 8, '2021-03-08 21:48:01'),
(1524, 5, 21, '2021-03-08 21:52:02'),
(1525, 6, 8, '2021-03-08 21:52:02'),
(1526, 5, 21, '2021-03-08 21:56:02'),
(1527, 6, 8, '2021-03-08 21:56:02'),
(1528, 5, 21, '2021-03-08 22:00:01'),
(1529, 6, 8, '2021-03-08 22:00:02'),
(1530, 5, 21, '2021-03-08 22:04:02'),
(1531, 6, 8, '2021-03-08 22:04:02'),
(1532, 5, 21, '2021-03-08 22:08:02'),
(1533, 6, 8, '2021-03-08 22:08:02'),
(1534, 5, 21, '2021-03-08 22:12:02'),
(1535, 6, 8, '2021-03-08 22:12:02'),
(1536, 5, 21, '2021-03-08 22:16:02'),
(1537, 6, 8, '2021-03-08 22:16:02'),
(1538, 5, 21, '2021-03-08 22:20:01'),
(1539, 6, 8, '2021-03-08 22:20:02'),
(1540, 5, 21, '2021-03-08 22:24:01'),
(1541, 6, 8, '2021-03-08 22:24:02'),
(1542, 5, 20, '2021-03-08 22:28:01'),
(1543, 6, 8, '2021-03-08 22:28:01'),
(1544, 5, 21, '2021-03-08 22:32:01'),
(1545, 6, 7, '2021-03-08 22:32:01'),
(1546, 5, 20, '2021-03-08 22:36:02'),
(1547, 6, 8, '2021-03-08 22:36:02'),
(1548, 5, 20, '2021-03-08 22:40:02'),
(1549, 6, 7, '2021-03-08 22:40:02'),
(1550, 5, 20, '2021-03-08 22:44:01'),
(1551, 6, 7, '2021-03-08 22:44:02'),
(1552, 5, 20, '2021-03-08 22:48:01'),
(1553, 6, 7, '2021-03-08 22:48:01'),
(1554, 5, 20, '2021-03-08 22:52:02'),
(1555, 6, 7, '2021-03-08 22:52:02'),
(1556, 5, 20, '2021-03-08 22:56:02'),
(1557, 6, 7, '2021-03-08 22:56:02'),
(1558, 5, 20, '2021-03-08 23:00:02'),
(1559, 6, 7, '2021-03-08 23:00:02'),
(1560, 5, 20, '2021-03-08 23:04:01'),
(1561, 6, 7, '2021-03-08 23:04:02'),
(1562, 5, 20, '2021-03-08 23:08:01'),
(1563, 6, 7, '2021-03-08 23:08:01'),
(1564, 5, 20, '2021-03-08 23:12:01'),
(1565, 6, 7, '2021-03-08 23:12:01'),
(1566, 5, 20, '2021-03-08 23:16:02'),
(1567, 6, 7, '2021-03-08 23:16:02'),
(1568, 5, 20, '2021-03-08 23:20:02'),
(1569, 6, 7, '2021-03-08 23:20:02'),
(1570, 5, 20, '2021-03-08 23:24:01'),
(1571, 6, 7, '2021-03-08 23:24:02'),
(1572, 5, 20, '2021-03-08 23:28:01'),
(1573, 6, 7, '2021-03-08 23:28:01'),
(1574, 5, 20, '2021-03-08 23:32:01'),
(1575, 6, 6, '2021-03-08 23:32:01'),
(1576, 5, 20, '2021-03-08 23:36:02'),
(1577, 6, 6, '2021-03-08 23:36:02'),
(1578, 5, 20, '2021-03-08 23:40:02'),
(1579, 6, 6, '2021-03-08 23:40:02'),
(1580, 5, 20, '2021-03-08 23:44:01'),
(1581, 6, 6, '2021-03-08 23:44:01'),
(1582, 5, 20, '2021-03-08 23:48:01'),
(1583, 6, 6, '2021-03-08 23:48:01'),
(1584, 5, 20, '2021-03-08 23:52:02'),
(1585, 6, 6, '2021-03-08 23:52:02'),
(1586, 5, 20, '2021-03-08 23:56:01'),
(1587, 6, 6, '2021-03-08 23:56:02'),
(1588, 5, 20, '2021-03-09 00:00:01'),
(1589, 6, 6, '2021-03-09 00:00:02'),
(1590, 5, 20, '2021-03-09 00:04:01'),
(1591, 6, 6, '2021-03-09 00:04:01'),
(1592, 5, 20, '2021-03-09 00:08:01'),
(1593, 6, 6, '2021-03-09 00:08:01'),
(1594, 5, 20, '2021-03-09 00:12:02'),
(1595, 6, 6, '2021-03-09 00:12:02'),
(1596, 5, 20, '2021-03-09 00:16:01'),
(1597, 6, 6, '2021-03-09 00:16:02'),
(1598, 5, 20, '2021-03-09 00:20:01'),
(1599, 6, 6, '2021-03-09 00:20:01'),
(1600, 5, 20, '2021-03-09 00:24:02'),
(1601, 6, 6, '2021-03-09 00:24:02'),
(1602, 5, 20, '2021-03-09 00:28:02'),
(1603, 6, 6, '2021-03-09 00:28:02'),
(1604, 5, 20, '2021-03-09 00:32:01'),
(1605, 6, 6, '2021-03-09 00:32:02'),
(1606, 5, 20, '2021-03-09 00:36:01'),
(1607, 6, 6, '2021-03-09 00:36:01'),
(1608, 5, 20, '2021-03-09 00:40:01'),
(1609, 6, 6, '2021-03-09 00:40:01'),
(1610, 5, 20, '2021-03-09 00:44:02'),
(1611, 6, 5, '2021-03-09 00:44:02'),
(1612, 5, 20, '2021-03-09 00:48:01'),
(1613, 6, 5, '2021-03-09 00:48:02'),
(1614, 5, 20, '2021-03-09 00:52:01'),
(1615, 6, 6, '2021-03-09 00:52:01'),
(1616, 5, 20, '2021-03-09 00:56:01'),
(1617, 6, 5, '2021-03-09 00:56:01'),
(1618, 5, 20, '2021-03-09 01:04:02'),
(1619, 6, 5, '2021-03-09 01:04:02'),
(1620, 5, 20, '2021-03-09 01:08:01'),
(1621, 6, 5, '2021-03-09 01:08:02'),
(1622, 5, 20, '2021-03-09 01:12:01'),
(1623, 6, 5, '2021-03-09 01:12:01'),
(1624, 5, 20, '2021-03-09 01:16:02'),
(1625, 6, 4, '2021-03-09 01:16:02'),
(1626, 5, 19, '2021-03-09 01:20:02'),
(1627, 6, 5, '2021-03-09 01:20:02'),
(1628, 5, 19, '2021-03-09 01:24:01'),
(1629, 6, 5, '2021-03-09 01:24:02'),
(1630, 5, 19, '2021-03-09 01:28:01'),
(1631, 6, 5, '2021-03-09 01:28:01'),
(1632, 5, 19, '2021-03-09 01:32:02'),
(1633, 6, 5, '2021-03-09 01:32:02'),
(1634, 5, 19, '2021-03-09 01:36:02'),
(1635, 6, 5, '2021-03-09 01:36:02'),
(1636, 5, 19, '2021-03-09 01:40:01'),
(1637, 6, 4, '2021-03-09 01:40:02'),
(1638, 5, 19, '2021-03-09 01:44:02'),
(1639, 6, 4, '2021-03-09 01:44:02'),
(1640, 5, 19, '2021-03-09 01:48:02'),
(1641, 6, 4, '2021-03-09 01:48:02'),
(1642, 5, 19, '2021-03-09 01:52:01'),
(1643, 6, 4, '2021-03-09 01:52:02'),
(1644, 5, 19, '2021-03-09 01:56:01'),
(1645, 6, 4, '2021-03-09 01:56:02'),
(1646, 5, 19, '2021-03-09 02:00:01'),
(1647, 6, 4, '2021-03-09 02:00:01'),
(1648, 5, 19, '2021-03-09 02:04:01'),
(1649, 6, 4, '2021-03-09 02:04:01'),
(1650, 5, 19, '2021-03-09 02:08:02'),
(1651, 6, 4, '2021-03-09 02:08:02'),
(1652, 5, 19, '2021-03-09 02:12:02'),
(1653, 6, 4, '2021-03-09 02:12:02'),
(1654, 5, 19, '2021-03-09 02:16:01'),
(1655, 6, 4, '2021-03-09 02:16:02'),
(1656, 5, 19, '2021-03-09 02:20:01'),
(1657, 6, 4, '2021-03-09 02:20:01'),
(1658, 5, 19, '2021-03-09 02:24:02'),
(1659, 6, 4, '2021-03-09 02:24:02'),
(1660, 5, 19, '2021-03-09 02:28:02'),
(1661, 6, 4, '2021-03-09 02:28:02'),
(1662, 5, 19, '2021-03-09 02:32:02'),
(1663, 6, 4, '2021-03-09 02:32:02'),
(1664, 5, 19, '2021-03-09 02:36:02'),
(1665, 6, 4, '2021-03-09 02:36:02'),
(1666, 5, 19, '2021-03-09 02:40:01'),
(1667, 6, 4, '2021-03-09 02:40:02'),
(1668, 5, 19, '2021-03-09 02:44:01'),
(1669, 6, 4, '2021-03-09 02:44:01'),
(1670, 5, 19, '2021-03-09 02:48:02'),
(1671, 6, 4, '2021-03-09 02:48:02'),
(1672, 5, 19, '2021-03-09 02:52:01'),
(1673, 6, 4, '2021-03-09 02:52:02'),
(1674, 5, 19, '2021-03-09 02:56:01'),
(1675, 6, 4, '2021-03-09 02:56:01'),
(1676, 5, 19, '2021-03-09 03:04:01'),
(1677, 6, 4, '2021-03-09 03:04:01'),
(1678, 5, 19, '2021-03-09 03:08:02'),
(1679, 6, 4, '2021-03-09 03:08:02'),
(1680, 5, 19, '2021-03-09 03:12:02'),
(1681, 6, 4, '2021-03-09 03:12:02'),
(1682, 5, 19, '2021-03-09 03:16:01'),
(1683, 6, 4, '2021-03-09 03:16:02'),
(1684, 5, 19, '2021-03-09 03:20:01'),
(1685, 6, 4, '2021-03-09 03:20:02'),
(1686, 5, 19, '2021-03-09 03:24:01'),
(1687, 6, 4, '2021-03-09 03:24:01'),
(1688, 5, 19, '2021-03-09 03:28:01'),
(1689, 6, 4, '2021-03-09 03:28:01'),
(1690, 5, 19, '2021-03-09 03:32:01'),
(1691, 6, 4, '2021-03-09 03:32:01'),
(1692, 5, 19, '2021-03-09 03:36:02'),
(1693, 6, 4, '2021-03-09 03:36:02'),
(1694, 5, 19, '2021-03-09 03:40:02'),
(1695, 6, 4, '2021-03-09 03:40:02'),
(1696, 5, 19, '2021-03-09 03:44:01'),
(1697, 6, 4, '2021-03-09 03:44:01'),
(1698, 5, 19, '2021-03-09 03:48:01'),
(1699, 6, 4, '2021-03-09 03:48:01'),
(1700, 5, 19, '2021-03-09 03:52:02'),
(1701, 6, 4, '2021-03-09 03:52:02'),
(1702, 5, 19, '2021-03-09 03:56:02'),
(1703, 6, 4, '2021-03-09 03:56:02'),
(1704, 5, 19, '2021-03-09 04:00:01'),
(1705, 6, 4, '2021-03-09 04:00:02'),
(1706, 5, 19, '2021-03-09 04:04:01'),
(1707, 6, 4, '2021-03-09 04:04:02'),
(1708, 5, 19, '2021-03-09 04:08:01'),
(1709, 6, 4, '2021-03-09 04:08:01'),
(1710, 5, 18, '2021-03-09 04:12:01'),
(1711, 6, 4, '2021-03-09 04:12:01'),
(1712, 5, 18, '2021-03-09 04:16:02'),
(1713, 6, 4, '2021-03-09 04:16:02'),
(1714, 5, 18, '2021-03-09 04:20:01'),
(1715, 6, 4, '2021-03-09 04:20:02'),
(1716, 5, 19, '2021-03-09 04:24:01'),
(1717, 6, 4, '2021-03-09 04:24:02'),
(1718, 5, 18, '2021-03-09 04:28:01'),
(1719, 6, 4, '2021-03-09 04:28:01'),
(1720, 5, 18, '2021-03-09 04:32:01'),
(1721, 6, 4, '2021-03-09 04:32:01'),
(1722, 5, 18, '2021-03-09 04:36:02'),
(1723, 6, 4, '2021-03-09 04:36:02'),
(1724, 5, 18, '2021-03-09 04:40:02'),
(1725, 6, 4, '2021-03-09 04:40:02'),
(1726, 5, 18, '2021-03-09 04:44:03'),
(1727, 6, 4, '2021-03-09 04:44:03'),
(1728, 5, 18, '2021-03-09 04:48:02'),
(1729, 6, 3, '2021-03-09 04:48:03'),
(1730, 5, 18, '2021-03-09 04:52:02'),
(1731, 6, 3, '2021-03-09 04:52:02'),
(1732, 5, 18, '2021-03-09 04:56:01'),
(1733, 6, 3, '2021-03-09 04:56:02'),
(1734, 5, 18, '2021-03-09 05:00:01'),
(1735, 6, 3, '2021-03-09 05:00:02'),
(1736, 5, 18, '2021-03-09 05:04:01'),
(1737, 6, 3, '2021-03-09 05:04:02'),
(1738, 5, 18, '2021-03-09 05:08:01'),
(1739, 6, 3, '2021-03-09 05:08:01'),
(1740, 5, 18, '2021-03-09 05:12:01'),
(1741, 6, 4, '2021-03-09 05:12:01'),
(1742, 5, 18, '2021-03-09 05:16:01'),
(1743, 6, 4, '2021-03-09 05:16:01'),
(1744, 5, 18, '2021-03-09 05:20:02'),
(1745, 6, 4, '2021-03-09 05:20:02'),
(1746, 5, 18, '2021-03-09 05:24:01'),
(1747, 6, 4, '2021-03-09 05:24:02'),
(1748, 5, 18, '2021-03-09 05:28:02'),
(1749, 6, 4, '2021-03-09 05:28:02'),
(1750, 5, 18, '2021-03-09 05:32:02'),
(1751, 6, 4, '2021-03-09 05:32:02'),
(1752, 5, 18, '2021-03-09 05:36:01'),
(1753, 6, 4, '2021-03-09 05:36:02'),
(1754, 5, 18, '2021-03-09 05:40:01'),
(1755, 6, 4, '2021-03-09 05:40:02'),
(1756, 5, 19, '2021-03-09 05:44:01'),
(1757, 6, 3, '2021-03-09 05:44:01'),
(1758, 5, 18, '2021-03-09 05:48:03'),
(1759, 6, 4, '2021-03-09 05:48:03'),
(1760, 5, 19, '2021-03-09 05:52:02'),
(1761, 6, 4, '2021-03-09 05:52:02'),
(1762, 5, 18, '2021-03-09 05:56:03'),
(1763, 6, 3, '2021-03-09 05:56:03'),
(1764, 5, 19, '2021-03-09 06:04:01'),
(1765, 6, 3, '2021-03-09 06:04:02'),
(1766, 5, 19, '2021-03-09 06:08:01'),
(1767, 6, 3, '2021-03-09 06:08:01'),
(1768, 5, 19, '2021-03-09 06:12:01'),
(1769, 6, 3, '2021-03-09 06:12:01'),
(1770, 5, 19, '2021-03-09 06:16:02'),
(1771, 6, 3, '2021-03-09 06:16:02'),
(1772, 5, 19, '2021-03-09 06:20:02'),
(1773, 6, 3, '2021-03-09 06:20:02'),
(1774, 5, 19, '2021-03-09 06:24:01'),
(1775, 6, 4, '2021-03-09 06:24:01'),
(1776, 5, 19, '2021-03-09 06:28:01'),
(1777, 6, 3, '2021-03-09 06:28:01'),
(1778, 5, 19, '2021-03-09 06:32:02'),
(1779, 6, 3, '2021-03-09 06:32:02'),
(1780, 5, 19, '2021-03-09 06:36:02'),
(1781, 6, 3, '2021-03-09 06:36:02'),
(1782, 5, 19, '2021-03-09 06:40:01'),
(1783, 6, 4, '2021-03-09 06:40:02'),
(1784, 5, 19, '2021-03-09 06:44:01'),
(1785, 6, 4, '2021-03-09 06:44:01'),
(1786, 5, 19, '2021-03-09 06:48:02'),
(1787, 6, 4, '2021-03-09 06:48:02'),
(1788, 5, 19, '2021-03-09 06:52:02'),
(1789, 6, 4, '2021-03-09 06:52:02'),
(1790, 5, 19, '2021-03-09 06:56:02'),
(1791, 6, 4, '2021-03-09 06:56:02'),
(1792, 5, 19, '2021-03-09 07:00:02'),
(1793, 6, 4, '2021-03-09 07:00:02'),
(1794, 5, 19, '2021-03-09 07:04:01'),
(1795, 6, 4, '2021-03-09 07:04:02'),
(1796, 5, 19, '2021-03-09 07:08:01'),
(1797, 6, 5, '2021-03-09 07:08:01'),
(1798, 5, 19, '2021-03-09 07:12:02'),
(1799, 6, 4, '2021-03-09 07:12:02'),
(1800, 5, 19, '2021-03-09 07:16:02'),
(1801, 6, 4, '2021-03-09 07:16:02'),
(1802, 5, 19, '2021-03-09 07:20:01'),
(1803, 6, 5, '2021-03-09 07:20:02'),
(1804, 5, 19, '2021-03-09 07:24:01'),
(1805, 6, 5, '2021-03-09 07:24:02'),
(1806, 5, 19, '2021-03-09 07:28:01'),
(1807, 6, 5, '2021-03-09 07:28:02'),
(1808, 5, 19, '2021-03-09 07:32:01'),
(1809, 6, 5, '2021-03-09 07:32:02'),
(1810, 5, 19, '2021-03-09 07:36:01'),
(1811, 6, 6, '2021-03-09 07:36:02'),
(1812, 5, 20, '2021-03-09 07:40:01'),
(1813, 6, 6, '2021-03-09 07:40:01'),
(1814, 5, 20, '2021-03-09 07:44:02'),
(1815, 6, 6, '2021-03-09 07:44:02'),
(1816, 5, 20, '2021-03-09 07:48:02'),
(1817, 6, 6, '2021-03-09 07:48:02'),
(1818, 5, 20, '2021-03-09 07:52:02'),
(1819, 6, 6, '2021-03-09 07:52:02'),
(1820, 5, 20, '2021-03-09 07:56:02'),
(1821, 6, 6, '2021-03-09 07:56:02'),
(1822, 5, 20, '2021-03-09 08:00:01'),
(1823, 6, 7, '2021-03-09 08:00:01'),
(1824, 5, 20, '2021-03-09 08:04:01'),
(1825, 6, 7, '2021-03-09 08:04:02'),
(1826, 5, 20, '2021-03-09 08:08:01'),
(1827, 6, 7, '2021-03-09 08:08:01'),
(1828, 5, 20, '2021-03-09 08:12:01'),
(1829, 6, 8, '2021-03-09 08:12:01'),
(1830, 5, 20, '2021-03-09 08:16:02'),
(1831, 6, 8, '2021-03-09 08:16:02'),
(1832, 5, 20, '2021-03-09 08:20:01'),
(1833, 6, 8, '2021-03-09 08:20:02'),
(1834, 5, 20, '2021-03-09 08:24:01'),
(1835, 6, 9, '2021-03-09 08:24:01'),
(1836, 5, 21, '2021-03-09 08:28:01'),
(1837, 6, 9, '2021-03-09 08:28:01'),
(1838, 5, 21, '2021-03-09 08:32:02'),
(1839, 6, 9, '2021-03-09 08:32:02'),
(1840, 5, 21, '2021-03-09 08:36:02'),
(1841, 6, 10, '2021-03-09 08:36:02'),
(1842, 5, 21, '2021-03-09 08:40:02'),
(1843, 6, 10, '2021-03-09 08:40:02'),
(1844, 5, 21, '2021-03-09 08:44:01'),
(1845, 6, 10, '2021-03-09 08:44:02'),
(1846, 5, 21, '2021-03-09 08:48:01'),
(1847, 6, 11, '2021-03-09 08:48:01'),
(1848, 5, 21, '2021-03-09 08:52:01'),
(1849, 6, 11, '2021-03-09 08:52:01'),
(1850, 5, 21, '2021-03-09 08:56:02'),
(1851, 6, 12, '2021-03-09 08:56:02'),
(1852, 5, 21, '2021-03-09 09:00:02'),
(1853, 5, 21, '2021-03-09 09:04:01'),
(1854, 6, 13, '2021-03-09 09:04:01'),
(1855, 5, 22, '2021-03-09 09:08:02'),
(1856, 6, 13, '2021-03-09 09:08:02'),
(1857, 5, 22, '2021-03-09 09:12:02'),
(1858, 6, 13, '2021-03-09 09:12:02'),
(1859, 5, 22, '2021-03-09 09:16:01'),
(1860, 6, 14, '2021-03-09 09:16:02'),
(1861, 5, 22, '2021-03-09 09:20:01'),
(1862, 6, 14, '2021-03-09 09:20:01'),
(1863, 5, 23, '2021-03-09 09:24:02'),
(1864, 6, 15, '2021-03-09 09:24:02'),
(1865, 5, 23, '2021-03-09 09:28:02'),
(1866, 6, 17, '2021-03-09 09:28:02'),
(1867, 5, 23, '2021-03-09 09:32:02'),
(1868, 6, 18, '2021-03-09 09:32:02'),
(1869, 5, 23, '2021-03-09 09:36:02'),
(1870, 6, 20, '2021-03-09 09:36:02'),
(1871, 5, 23, '2021-03-09 09:40:02'),
(1872, 6, 22, '2021-03-09 09:40:02'),
(1873, 5, 23, '2021-03-09 09:44:02'),
(1874, 6, 21, '2021-03-09 09:44:02'),
(1875, 5, 23, '2021-03-09 09:48:01'),
(1876, 6, 22, '2021-03-09 09:48:02'),
(1877, 5, 23, '2021-03-09 09:52:01'),
(1878, 6, 23, '2021-03-09 09:52:01'),
(1879, 5, 23, '2021-03-09 09:56:02'),
(1880, 6, 23, '2021-03-09 09:56:02'),
(1881, 5, 23, '2021-03-09 10:00:02'),
(1882, 6, 23, '2021-03-09 10:00:02'),
(1883, 5, 23, '2021-03-09 10:04:01'),
(1884, 6, 22, '2021-03-09 10:04:02'),
(1885, 5, 23, '2021-03-09 10:08:01'),
(1886, 6, 22, '2021-03-09 10:08:01'),
(1887, 5, 23, '2021-03-09 10:12:02'),
(1888, 6, 23, '2021-03-09 10:12:02'),
(1889, 5, 23, '2021-03-09 10:16:02'),
(1890, 6, 25, '2021-03-09 10:16:02'),
(1891, 5, 23, '2021-03-09 10:20:01'),
(1892, 6, 24, '2021-03-09 10:20:02'),
(1893, 5, 23, '2021-03-09 10:24:01'),
(1894, 6, 24, '2021-03-09 10:24:01'),
(1895, 5, 23, '2021-03-09 10:28:02'),
(1896, 6, 25, '2021-03-09 10:28:02'),
(1897, 5, 24, '2021-03-09 10:32:02'),
(1898, 6, 25, '2021-03-09 10:32:02'),
(1899, 5, 24, '2021-03-09 10:36:02'),
(1900, 6, 26, '2021-03-09 10:36:02'),
(1901, 5, 24, '2021-03-09 10:40:01'),
(1902, 6, 25, '2021-03-09 10:40:02'),
(1903, 5, 24, '2021-03-09 10:44:01'),
(1904, 6, 24, '2021-03-09 10:44:02'),
(1905, 5, 24, '2021-03-09 10:48:01'),
(1906, 6, 26, '2021-03-09 10:48:02'),
(1907, 5, 24, '2021-03-09 10:52:01'),
(1908, 6, 25, '2021-03-09 10:52:01'),
(1909, 5, 24, '2021-03-09 10:56:02'),
(1910, 6, 26, '2021-03-09 10:56:02'),
(1911, 5, 24, '2021-03-09 11:00:02'),
(1912, 6, 27, '2021-03-09 11:00:02'),
(1913, 5, 24, '2021-03-09 11:04:02'),
(1914, 6, 26, '2021-03-09 11:04:02'),
(1915, 5, 24, '2021-03-09 11:08:02'),
(1916, 6, 27, '2021-03-09 11:08:02'),
(1917, 5, 24, '2021-03-09 11:12:02'),
(1918, 6, 26, '2021-03-09 11:12:02'),
(1919, 5, 24, '2021-03-09 11:16:02'),
(1920, 6, 27, '2021-03-09 11:16:02'),
(1921, 5, 24, '2021-03-09 11:20:01'),
(1922, 6, 26, '2021-03-09 11:20:02'),
(1923, 5, 24, '2021-03-09 11:24:01'),
(1924, 6, 25, '2021-03-09 11:24:02'),
(1925, 5, 24, '2021-03-09 11:28:01'),
(1926, 6, 28, '2021-03-09 11:28:01'),
(1927, 5, 24, '2021-03-09 11:32:03'),
(1928, 6, 29, '2021-03-09 11:32:03'),
(1929, 5, 24, '2021-03-09 11:36:02'),
(1930, 6, 27, '2021-03-09 11:36:02'),
(1931, 5, 24, '2021-03-09 11:40:02'),
(1932, 6, 25, '2021-03-09 11:40:02'),
(1933, 5, 24, '2021-03-09 11:44:01'),
(1934, 6, 21, '2021-03-09 11:44:02'),
(1935, 5, 24, '2021-03-09 11:48:01'),
(1936, 6, 26, '2021-03-09 11:48:02'),
(1937, 5, 22, '2021-03-09 11:52:01'),
(1938, 6, 28, '2021-03-09 11:52:01'),
(1939, 5, 22, '2021-03-09 11:56:01'),
(1940, 6, 25, '2021-03-09 11:56:01'),
(1941, 5, 22, '2021-03-09 12:00:01'),
(1942, 6, 29, '2021-03-09 12:00:01'),
(1943, 5, 22, '2021-03-09 12:04:02'),
(1944, 6, 27, '2021-03-09 12:04:02'),
(1945, 5, 22, '2021-03-09 12:08:02'),
(1946, 6, 27, '2021-03-09 12:08:02'),
(1947, 5, 22, '2021-03-09 12:12:01'),
(1948, 6, 25, '2021-03-09 12:12:01'),
(1949, 5, 22, '2021-03-09 12:16:01'),
(1950, 6, 29, '2021-03-09 12:16:01'),
(1951, 5, 22, '2021-03-09 12:20:02'),
(1952, 6, 27, '2021-03-09 12:20:02'),
(1953, 5, 22, '2021-03-09 12:24:02'),
(1954, 6, 26, '2021-03-09 12:24:02'),
(1955, 5, 22, '2021-03-09 12:28:01'),
(1956, 6, 29, '2021-03-09 12:28:02'),
(1957, 5, 22, '2021-03-09 12:32:01'),
(1958, 6, 29, '2021-03-09 12:32:01'),
(1959, 5, 22, '2021-03-09 12:36:02'),
(1960, 6, 27, '2021-03-09 12:36:02'),
(1961, 5, 22, '2021-03-09 12:40:02'),
(1962, 6, 29, '2021-03-09 12:40:02'),
(1963, 5, 22, '2021-03-09 12:44:02'),
(1964, 6, 26, '2021-03-09 12:44:02'),
(1965, 5, 22, '2021-03-09 12:48:01'),
(1966, 6, 27, '2021-03-09 12:48:02'),
(1967, 5, 22, '2021-03-09 12:52:01'),
(1968, 6, 31, '2021-03-09 12:52:01'),
(1969, 5, 22, '2021-03-09 12:56:01'),
(1970, 6, 27, '2021-03-09 12:56:01'),
(1971, 5, 22, '2021-03-09 13:04:01'),
(1972, 6, 22, '2021-03-09 13:04:02'),
(1973, 5, 22, '2021-03-09 13:08:01'),
(1974, 6, 27, '2021-03-09 13:08:01'),
(1975, 5, 22, '2021-03-09 13:12:01'),
(1976, 6, 28, '2021-03-09 13:12:01'),
(1977, 5, 22, '2021-03-09 13:16:02'),
(1978, 6, 27, '2021-03-09 13:16:02'),
(1979, 5, 22, '2021-03-09 13:20:01'),
(1980, 6, 27, '2021-03-09 13:20:02'),
(1981, 5, 22, '2021-03-09 13:24:01'),
(1982, 6, 23, '2021-03-09 13:24:01'),
(1983, 5, 22, '2021-03-09 13:28:02'),
(1984, 6, 26, '2021-03-09 13:28:02'),
(1985, 5, 22, '2021-03-09 13:32:02'),
(1986, 6, 29, '2021-03-09 13:32:02'),
(1987, 5, 22, '2021-03-09 13:36:01'),
(1988, 6, 22, '2021-03-09 13:36:02'),
(1989, 5, 22, '2021-03-09 13:40:01'),
(1990, 6, 29, '2021-03-09 13:40:01'),
(1991, 5, 22, '2021-03-09 13:44:02'),
(1992, 6, 29, '2021-03-09 13:44:02'),
(1993, 5, 22, '2021-03-09 13:48:02'),
(1994, 6, 28, '2021-03-09 13:48:02'),
(1995, 5, 22, '2021-03-09 13:52:01'),
(1996, 6, 28, '2021-03-09 13:52:02'),
(1997, 5, 22, '2021-03-09 13:56:01'),
(1998, 6, 30, '2021-03-09 13:56:01'),
(1999, 5, 22, '2021-03-09 14:00:02'),
(2000, 6, 29, '2021-03-09 14:00:02'),
(2001, 5, 22, '2021-03-09 14:04:02'),
(2002, 6, 27, '2021-03-09 14:04:02'),
(2003, 5, 22, '2021-03-09 14:08:01'),
(2004, 6, 25, '2021-03-09 14:08:02'),
(2005, 5, 22, '2021-03-09 14:12:01'),
(2006, 6, 22, '2021-03-09 14:12:02'),
(2007, 5, 22, '2021-03-09 14:16:01'),
(2008, 6, 23, '2021-03-09 14:16:01'),
(2009, 5, 22, '2021-03-09 14:20:01'),
(2010, 6, 20, '2021-03-09 14:20:01'),
(2011, 5, 22, '2021-03-09 14:24:02'),
(2012, 6, 21, '2021-03-09 14:24:02'),
(2013, 5, 22, '2021-03-09 14:28:01'),
(2014, 6, 23, '2021-03-09 14:28:02'),
(2015, 5, 22, '2021-03-09 14:32:01'),
(2016, 6, 24, '2021-03-09 14:32:01'),
(2017, 5, 22, '2021-03-09 14:36:01'),
(2018, 6, 23, '2021-03-09 14:36:01'),
(2019, 5, 22, '2021-03-09 14:40:02'),
(2020, 6, 23, '2021-03-09 14:40:02'),
(2021, 5, 22, '2021-03-09 14:44:01'),
(2022, 6, 22, '2021-03-09 14:44:02'),
(2023, 5, 22, '2021-03-09 14:48:01'),
(2024, 6, 23, '2021-03-09 14:48:02'),
(2025, 5, 22, '2021-03-09 14:52:01'),
(2026, 6, 21, '2021-03-09 14:52:02'),
(2027, 5, 22, '2021-03-09 14:56:01'),
(2028, 6, 22, '2021-03-09 14:56:01'),
(2029, 5, 22, '2021-03-09 15:00:02'),
(2030, 6, 21, '2021-03-09 15:00:02'),
(2031, 5, 22, '2021-03-09 15:04:01'),
(2032, 6, 18, '2021-03-09 15:04:02'),
(2033, 5, 22, '2021-03-09 15:08:01'),
(2034, 6, 19, '2021-03-09 15:08:01'),
(2035, 5, 22, '2021-03-09 15:12:02'),
(2036, 6, 20, '2021-03-09 15:12:02'),
(2037, 5, 22, '2021-03-09 15:16:02'),
(2038, 6, 19, '2021-03-09 15:16:02'),
(2039, 5, 22, '2021-03-09 15:20:01'),
(2040, 6, 19, '2021-03-09 15:20:02'),
(2041, 5, 22, '2021-03-09 15:24:01'),
(2042, 6, 18, '2021-03-09 15:24:01'),
(2043, 5, 22, '2021-03-09 15:28:02'),
(2044, 6, 17, '2021-03-09 15:28:02'),
(2045, 5, 22, '2021-03-09 15:32:02'),
(2046, 6, 19, '2021-03-09 15:32:02'),
(2047, 5, 22, '2021-03-09 15:36:01'),
(2048, 6, 18, '2021-03-09 15:36:02'),
(2049, 5, 22, '2021-03-09 15:40:01'),
(2050, 6, 18, '2021-03-09 15:40:02'),
(2051, 5, 22, '2021-03-09 15:44:01'),
(2052, 6, 18, '2021-03-09 15:44:01'),
(2053, 5, 22, '2021-03-09 15:48:02'),
(2054, 6, 17, '2021-03-09 15:48:02'),
(2055, 5, 22, '2021-03-09 15:52:02'),
(2056, 6, 16, '2021-03-09 15:52:02'),
(2057, 5, 22, '2021-03-09 15:56:02'),
(2058, 6, 17, '2021-03-09 15:56:02'),
(2059, 5, 22, '2021-03-09 16:00:02'),
(2060, 5, 22, '2021-03-09 16:04:02'),
(2061, 6, 17, '2021-03-09 16:04:02'),
(2062, 5, 22, '2021-03-09 16:08:01'),
(2063, 6, 17, '2021-03-09 16:08:02'),
(2064, 5, 22, '2021-03-09 16:12:01'),
(2065, 6, 16, '2021-03-09 16:12:01'),
(2066, 5, 22, '2021-03-09 16:16:01'),
(2067, 6, 15, '2021-03-09 16:16:01'),
(2068, 5, 22, '2021-03-09 16:20:02'),
(2069, 6, 16, '2021-03-09 16:20:02'),
(2070, 5, 22, '2021-03-09 16:24:02'),
(2071, 6, 17, '2021-03-09 16:24:02'),
(2072, 5, 22, '2021-03-09 16:28:02'),
(2073, 6, 16, '2021-03-09 16:28:02'),
(2074, 5, 22, '2021-03-09 16:32:02'),
(2075, 6, 16, '2021-03-09 16:32:02'),
(2076, 5, 22, '2021-03-09 16:36:02'),
(2077, 6, 16, '2021-03-09 16:36:02'),
(2078, 5, 22, '2021-03-09 16:40:01'),
(2079, 6, 15, '2021-03-09 16:40:02'),
(2080, 5, 22, '2021-03-09 16:44:02'),
(2081, 6, 15, '2021-03-09 16:44:02'),
(2082, 5, 22, '2021-03-09 16:48:02'),
(2083, 6, 15, '2021-03-09 16:48:02'),
(2084, 5, 22, '2021-03-09 16:52:02'),
(2085, 6, 14, '2021-03-09 16:52:02'),
(2086, 5, 22, '2021-03-09 16:56:01'),
(2087, 6, 14, '2021-03-09 16:56:03'),
(2088, 5, 22, '2021-03-09 17:00:02'),
(2089, 6, 14, '2021-03-09 17:00:02'),
(2090, 5, 22, '2021-03-09 17:04:02'),
(2091, 6, 14, '2021-03-09 17:04:02'),
(2092, 5, 22, '2021-03-09 17:08:02'),
(2093, 6, 13, '2021-03-09 17:08:02'),
(2094, 5, 22, '2021-03-09 17:12:02'),
(2095, 6, 13, '2021-03-09 17:12:02'),
(2096, 5, 22, '2021-03-09 17:16:02'),
(2097, 6, 13, '2021-03-09 17:16:10'),
(2098, 5, 22, '2021-03-09 17:20:02'),
(2099, 6, 12, '2021-03-09 17:20:04'),
(2100, 5, 22, '2021-03-09 17:24:01'),
(2101, 6, 12, '2021-03-09 17:24:01'),
(2102, 5, 22, '2021-03-09 17:28:02'),
(2103, 6, 12, '2021-03-09 17:28:02'),
(2104, 5, 22, '2021-03-09 17:32:02'),
(2105, 6, 12, '2021-03-09 17:32:02'),
(2106, 5, 22, '2021-03-09 17:36:01'),
(2107, 6, 12, '2021-03-09 17:36:02'),
(2108, 5, 22, '2021-03-09 17:40:01'),
(2109, 6, 11, '2021-03-09 17:40:01'),
(2110, 5, 22, '2021-03-09 17:44:02'),
(2111, 6, 12, '2021-03-09 17:44:02'),
(2112, 5, 22, '2021-03-09 17:48:02'),
(2113, 6, 11, '2021-03-09 17:48:02'),
(2114, 5, 22, '2021-03-09 17:52:01'),
(2115, 6, 11, '2021-03-09 17:52:02'),
(2116, 5, 22, '2021-03-09 17:56:01'),
(2117, 6, 11, '2021-03-09 17:56:01'),
(2118, 5, 22, '2021-03-09 18:00:02'),
(2119, 5, 22, '2021-03-09 18:04:02'),
(2120, 6, 11, '2021-03-09 18:04:02'),
(2121, 5, 22, '2021-03-09 18:08:02'),
(2122, 6, 11, '2021-03-09 18:08:02'),
(2123, 5, 22, '2021-03-09 18:12:02'),
(2124, 6, 10, '2021-03-09 18:12:02'),
(2125, 5, 22, '2021-03-09 18:16:02'),
(2126, 6, 10, '2021-03-09 18:16:02'),
(2127, 5, 22, '2021-03-09 18:20:01'),
(2128, 6, 10, '2021-03-09 18:20:02'),
(2129, 5, 22, '2021-03-09 18:24:02'),
(2130, 6, 10, '2021-03-09 18:24:02'),
(2131, 5, 22, '2021-03-09 18:28:01'),
(2132, 6, 10, '2021-03-09 18:28:02'),
(2133, 5, 22, '2021-03-09 18:32:01'),
(2134, 6, 10, '2021-03-09 18:32:02'),
(2135, 5, 22, '2021-03-09 18:36:01'),
(2136, 6, 10, '2021-03-09 18:36:01'),
(2137, 5, 22, '2021-03-09 18:40:02'),
(2138, 6, 10, '2021-03-09 18:40:02'),
(2139, 5, 22, '2021-03-09 18:44:02'),
(2140, 6, 10, '2021-03-09 18:44:02'),
(2141, 5, 21, '2021-03-09 18:48:01'),
(2142, 6, 10, '2021-03-09 18:48:02'),
(2143, 5, 21, '2021-03-09 18:52:01'),
(2144, 6, 10, '2021-03-09 18:52:01'),
(2145, 5, 21, '2021-03-09 18:56:02'),
(2146, 6, 10, '2021-03-09 18:56:02'),
(2147, 5, 21, '2021-03-09 19:00:01'),
(2148, 6, 10, '2021-03-09 19:00:02'),
(2149, 5, 21, '2021-03-09 19:04:02'),
(2150, 6, 10, '2021-03-09 19:04:02'),
(2151, 5, 21, '2021-03-09 19:08:02'),
(2152, 6, 10, '2021-03-09 19:08:02'),
(2153, 5, 21, '2021-03-09 19:12:01'),
(2154, 6, 10, '2021-03-09 19:12:02'),
(2155, 5, 21, '2021-03-09 19:16:01'),
(2156, 6, 10, '2021-03-09 19:16:01'),
(2157, 5, 21, '2021-03-09 19:20:02'),
(2158, 6, 9, '2021-03-09 19:20:02'),
(2159, 5, 21, '2021-03-09 19:24:01'),
(2160, 6, 9, '2021-03-09 19:24:02'),
(2161, 5, 21, '2021-03-09 19:28:01'),
(2162, 6, 9, '2021-03-09 19:28:01'),
(2163, 5, 21, '2021-03-09 19:32:02'),
(2164, 6, 9, '2021-03-09 19:32:02'),
(2165, 5, 21, '2021-03-09 19:36:01'),
(2166, 6, 9, '2021-03-09 19:36:02'),
(2167, 5, 21, '2021-03-09 19:40:01'),
(2168, 6, 9, '2021-03-09 19:40:01'),
(2169, 5, 21, '2021-03-09 19:44:02'),
(2170, 6, 9, '2021-03-09 19:44:02'),
(2171, 5, 21, '2021-03-09 19:48:01'),
(2172, 6, 8, '2021-03-09 19:48:02'),
(2173, 5, 21, '2021-03-09 19:52:01'),
(2174, 6, 8, '2021-03-09 19:52:02'),
(2175, 5, 21, '2021-03-09 19:56:01'),
(2176, 6, 8, '2021-03-09 19:56:01'),
(2177, 5, 21, '2021-03-09 20:04:02'),
(2178, 6, 8, '2021-03-09 20:04:02'),
(2179, 5, 21, '2021-03-09 20:08:01'),
(2180, 6, 8, '2021-03-09 20:08:02'),
(2181, 5, 21, '2021-03-09 20:12:01'),
(2182, 6, 8, '2021-03-09 20:12:01'),
(2183, 5, 21, '2021-03-09 20:16:02'),
(2184, 6, 8, '2021-03-09 20:16:02'),
(2185, 5, 21, '2021-03-09 20:20:02'),
(2186, 6, 8, '2021-03-09 20:20:02'),
(2187, 5, 21, '2021-03-09 20:24:02'),
(2188, 6, 8, '2021-03-09 20:24:02'),
(2189, 5, 21, '2021-03-09 20:28:01'),
(2190, 6, 8, '2021-03-09 20:28:02'),
(2191, 5, 21, '2021-03-09 20:32:01'),
(2192, 6, 7, '2021-03-09 20:32:01'),
(2193, 5, 20, '2021-03-09 20:36:02'),
(2194, 6, 7, '2021-03-09 20:36:02'),
(2195, 5, 20, '2021-03-09 20:40:02'),
(2196, 6, 7, '2021-03-09 20:40:02'),
(2197, 5, 20, '2021-03-09 20:44:01'),
(2198, 6, 7, '2021-03-09 20:44:02'),
(2199, 5, 20, '2021-03-09 20:48:01'),
(2200, 6, 8, '2021-03-09 20:48:01'),
(2201, 5, 20, '2021-03-09 20:52:02'),
(2202, 6, 8, '2021-03-09 20:52:02'),
(2203, 5, 20, '2021-03-09 20:56:02'),
(2204, 6, 8, '2021-03-09 20:56:02'),
(2205, 5, 20, '2021-03-09 21:00:02'),
(2206, 6, 7, '2021-03-09 21:00:02'),
(2207, 5, 20, '2021-03-09 21:04:01'),
(2208, 6, 7, '2021-03-09 21:04:01'),
(2209, 5, 20, '2021-03-09 21:08:01'),
(2210, 6, 7, '2021-03-09 21:08:01'),
(2211, 5, 20, '2021-03-09 21:12:02'),
(2212, 6, 8, '2021-03-09 21:12:02'),
(2213, 5, 20, '2021-03-09 21:16:01'),
(2214, 6, 7, '2021-03-09 21:16:02'),
(2215, 5, 20, '2021-03-09 21:20:01'),
(2216, 6, 7, '2021-03-09 21:20:01'),
(2217, 5, 20, '2021-03-09 21:24:02'),
(2218, 6, 7, '2021-03-09 21:24:02'),
(2219, 5, 20, '2021-03-09 21:28:02'),
(2220, 6, 7, '2021-03-09 21:28:02'),
(2221, 5, 20, '2021-03-09 21:32:01'),
(2222, 6, 7, '2021-03-09 21:32:02'),
(2223, 5, 20, '2021-03-09 21:36:01'),
(2224, 6, 7, '2021-03-09 21:36:01'),
(2225, 5, 20, '2021-03-09 21:40:02'),
(2226, 6, 8, '2021-03-09 21:40:02'),
(2227, 5, 20, '2021-03-09 21:44:02'),
(2228, 6, 7, '2021-03-09 21:44:02'),
(2229, 5, 20, '2021-03-09 21:48:01'),
(2230, 6, 7, '2021-03-09 21:48:02'),
(2231, 5, 20, '2021-03-09 21:52:01'),
(2232, 6, 7, '2021-03-09 21:52:01'),
(2233, 5, 20, '2021-03-09 21:56:01'),
(2234, 6, 7, '2021-03-09 21:56:01'),
(2235, 5, 20, '2021-03-09 22:04:02'),
(2236, 6, 7, '2021-03-09 22:04:02'),
(2237, 5, 20, '2021-03-09 22:08:01'),
(2238, 6, 7, '2021-03-09 22:08:02'),
(2239, 5, 20, '2021-03-09 22:12:01'),
(2240, 6, 6, '2021-03-09 22:12:01'),
(2241, 5, 20, '2021-03-09 22:16:02'),
(2242, 6, 6, '2021-03-09 22:16:02'),
(2243, 5, 20, '2021-03-09 22:20:02'),
(2244, 6, 6, '2021-03-09 22:20:02'),
(2245, 5, 20, '2021-03-09 22:24:01'),
(2246, 6, 6, '2021-03-09 22:24:02'),
(2247, 5, 20, '2021-03-09 22:28:01'),
(2248, 6, 6, '2021-03-09 22:28:02'),
(2249, 5, 20, '2021-03-09 22:32:01'),
(2250, 6, 6, '2021-03-09 22:32:01'),
(2251, 5, 20, '2021-03-09 22:36:02'),
(2252, 6, 6, '2021-03-09 22:36:02'),
(2253, 5, 20, '2021-03-09 22:40:02'),
(2254, 6, 6, '2021-03-09 22:40:02'),
(2255, 5, 19, '2021-03-09 22:44:01'),
(2256, 6, 6, '2021-03-09 22:44:02'),
(2257, 5, 19, '2021-03-09 22:48:01'),
(2258, 6, 6, '2021-03-09 22:48:01'),
(2259, 5, 19, '2021-03-09 22:52:02'),
(2260, 6, 6, '2021-03-09 22:52:02'),
(2261, 5, 19, '2021-03-09 22:56:02'),
(2262, 6, 6, '2021-03-09 22:56:02'),
(2263, 5, 19, '2021-03-09 23:04:01'),
(2264, 6, 6, '2021-03-09 23:04:01'),
(2265, 5, 19, '2021-03-09 23:08:02'),
(2266, 6, 6, '2021-03-09 23:08:02'),
(2267, 5, 19, '2021-03-09 23:12:02'),
(2268, 6, 6, '2021-03-09 23:12:02'),
(2269, 5, 19, '2021-03-09 23:16:02'),
(2270, 6, 6, '2021-03-09 23:16:02'),
(2271, 5, 19, '2021-03-09 23:20:01'),
(2272, 6, 5, '2021-03-09 23:20:02'),
(2273, 5, 19, '2021-03-09 23:24:01'),
(2274, 6, 5, '2021-03-09 23:24:01'),
(2275, 5, 19, '2021-03-09 23:28:01'),
(2276, 6, 5, '2021-03-09 23:28:01'),
(2277, 5, 19, '2021-03-09 23:32:02'),
(2278, 6, 6, '2021-03-09 23:32:02'),
(2279, 5, 19, '2021-03-09 23:36:01'),
(2280, 6, 6, '2021-03-09 23:36:02'),
(2281, 5, 19, '2021-03-09 23:40:01'),
(2282, 6, 6, '2021-03-09 23:40:02'),
(2283, 5, 19, '2021-03-09 23:44:01'),
(2284, 6, 5, '2021-03-09 23:44:01'),
(2285, 5, 19, '2021-03-09 23:48:01'),
(2286, 6, 5, '2021-03-09 23:48:01'),
(2287, 5, 19, '2021-03-09 23:52:02'),
(2288, 6, 5, '2021-03-09 23:52:02'),
(2289, 5, 19, '2021-03-09 23:56:01'),
(2290, 6, 5, '2021-03-09 23:56:02'),
(2291, 5, 19, '2021-03-10 00:00:02'),
(2292, 6, 5, '2021-03-10 00:00:02'),
(2293, 5, 19, '2021-03-10 00:04:02'),
(2294, 6, 5, '2021-03-10 00:04:02'),
(2295, 5, 19, '2021-03-10 00:08:02'),
(2296, 6, 5, '2021-03-10 00:08:02'),
(2297, 5, 19, '2021-03-10 00:12:01'),
(2298, 6, 5, '2021-03-10 00:12:02'),
(2299, 5, 19, '2021-03-10 00:16:01'),
(2300, 6, 5, '2021-03-10 00:16:01'),
(2301, 5, 19, '2021-03-10 00:20:02'),
(2302, 6, 5, '2021-03-10 00:20:02'),
(2303, 5, 19, '2021-03-10 00:24:02'),
(2304, 6, 5, '2021-03-10 00:24:02'),
(2305, 5, 19, '2021-03-10 00:28:01'),
(2306, 6, 5, '2021-03-10 00:28:01'),
(2307, 5, 19, '2021-03-10 00:32:01'),
(2308, 6, 5, '2021-03-10 00:32:01'),
(2309, 5, 19, '2021-03-10 00:36:02'),
(2310, 6, 4, '2021-03-10 00:36:02'),
(2311, 5, 19, '2021-03-10 00:40:01'),
(2312, 6, 4, '2021-03-10 00:40:01'),
(2313, 5, 19, '2021-03-10 00:44:01'),
(2314, 6, 4, '2021-03-10 00:44:01'),
(2315, 5, 18, '2021-03-10 01:00:01'),
(2316, 6, 3, '2021-03-10 01:00:01'),
(2317, 5, 18, '2021-03-10 01:10:01'),
(2318, 6, 4, '2021-03-10 01:10:01'),
(2319, 5, 18, '2021-03-10 01:20:01'),
(2320, 6, 4, '2021-03-10 01:20:01'),
(2321, 5, 18, '2021-03-10 01:30:01'),
(2322, 6, 4, '2021-03-10 01:30:02'),
(2323, 5, 18, '2021-03-10 01:40:02'),
(2324, 6, 4, '2021-03-10 01:40:02'),
(2325, 5, 18, '2021-03-10 01:50:02'),
(2326, 6, 3, '2021-03-10 01:50:02'),
(2327, 5, 18, '2021-03-10 02:00:01'),
(2328, 6, 3, '2021-03-10 02:00:02'),
(2329, 5, 18, '2021-03-10 02:10:02'),
(2330, 6, 3, '2021-03-10 02:10:02'),
(2331, 5, 18, '2021-03-10 02:20:01'),
(2332, 6, 3, '2021-03-10 02:20:01'),
(2333, 5, 18, '2021-03-10 02:30:02'),
(2334, 6, 3, '2021-03-10 02:30:02'),
(2335, 5, 18, '2021-03-10 02:40:02'),
(2336, 6, 3, '2021-03-10 02:40:02'),
(2337, 5, 18, '2021-03-10 02:50:01'),
(2338, 6, 3, '2021-03-10 02:50:01'),
(2339, 5, 18, '2021-03-10 03:00:02'),
(2340, 5, 18, '2021-03-10 03:10:02'),
(2341, 6, 2, '2021-03-10 03:10:02'),
(2342, 5, 18, '2021-03-10 03:20:01'),
(2343, 6, 2, '2021-03-10 03:20:02'),
(2344, 5, 17, '2021-03-10 03:30:02'),
(2345, 6, 2, '2021-03-10 03:30:02'),
(2346, 5, 17, '2021-03-10 03:40:01'),
(2347, 6, 2, '2021-03-10 03:40:02'),
(2348, 5, 17, '2021-03-10 03:50:02'),
(2349, 6, 2, '2021-03-10 03:50:02'),
(2350, 5, 17, '2021-03-10 04:10:02'),
(2351, 6, 1, '2021-03-10 04:10:02'),
(2352, 5, 17, '2021-03-10 04:20:01'),
(2353, 6, 2, '2021-03-10 04:20:01'),
(2354, 5, 17, '2021-03-10 04:30:02'),
(2355, 6, 2, '2021-03-10 04:30:02'),
(2356, 5, 17, '2021-03-10 04:40:01'),
(2357, 6, 1, '2021-03-10 04:40:02'),
(2358, 5, 17, '2021-03-10 04:50:02'),
(2359, 6, 1, '2021-03-10 04:50:02'),
(2360, 5, 17, '2021-03-10 05:00:02'),
(2361, 6, 1, '2021-03-10 05:00:02'),
(2362, 5, 17, '2021-03-10 05:10:02'),
(2363, 6, 1, '2021-03-10 05:10:02'),
(2364, 5, 17, '2021-03-10 05:20:02'),
(2365, 6, 1, '2021-03-10 05:20:02'),
(2366, 5, 17, '2021-03-10 05:30:02'),
(2367, 6, 1, '2021-03-10 05:30:02'),
(2368, 5, 17, '2021-03-10 05:40:01'),
(2369, 6, 1, '2021-03-10 05:40:01'),
(2370, 5, 17, '2021-03-10 05:50:01'),
(2371, 6, 1, '2021-03-10 05:50:02'),
(2372, 5, 17, '2021-03-10 06:00:02'),
(2373, 6, 0, '2021-03-10 06:00:02'),
(2374, 5, 16, '2021-03-10 06:10:01'),
(2375, 6, 1, '2021-03-10 06:10:02'),
(2376, 5, 16, '2021-03-10 06:20:02'),
(2377, 6, 1, '2021-03-10 06:20:02'),
(2378, 5, 16, '2021-03-10 06:30:01'),
(2379, 6, 1, '2021-03-10 06:30:01'),
(2380, 5, 16, '2021-03-10 06:40:01'),
(2381, 6, 1, '2021-03-10 06:40:02'),
(2382, 5, 16, '2021-03-10 06:50:02'),
(2383, 6, 1, '2021-03-10 06:50:02'),
(2384, 5, 16, '2021-03-10 07:10:02'),
(2385, 6, 2, '2021-03-10 07:10:02'),
(2386, 5, 16, '2021-03-10 07:20:02'),
(2387, 6, 2, '2021-03-10 07:20:02'),
(2388, 5, 16, '2021-03-10 07:30:01'),
(2389, 6, 3, '2021-03-10 07:30:01'),
(2390, 5, 16, '2021-03-10 07:40:01'),
(2391, 6, 5, '2021-03-10 07:40:02'),
(2392, 5, 17, '2021-03-10 07:50:02'),
(2393, 6, 5, '2021-03-10 07:50:02'),
(2394, 5, 17, '2021-03-10 08:10:02'),
(2395, 6, 6, '2021-03-10 08:10:02'),
(2396, 5, 17, '2021-03-10 08:20:02'),
(2397, 6, 6, '2021-03-10 08:20:02'),
(2398, 5, 17, '2021-03-10 08:30:01'),
(2399, 6, 7, '2021-03-10 08:30:02'),
(2400, 5, 17, '2021-03-10 08:40:02'),
(2401, 6, 9, '2021-03-10 08:40:02'),
(2402, 5, 18, '2021-03-10 08:50:02'),
(2403, 6, 10, '2021-03-10 08:50:03'),
(2404, 5, 18, '2021-03-10 09:00:02'),
(2405, 6, 11, '2021-03-10 09:00:02'),
(2406, 5, 18, '2021-03-10 09:10:01'),
(2407, 6, 12, '2021-03-10 09:10:02'),
(2408, 5, 18, '2021-03-10 09:20:02'),
(2409, 6, 13, '2021-03-10 09:20:02'),
(2410, 5, 19, '2021-03-10 09:30:01'),
(2411, 6, 15, '2021-03-10 09:30:01'),
(2412, 5, 19, '2021-03-10 09:40:01'),
(2413, 6, 20, '2021-03-10 09:40:02'),
(2414, 5, 19, '2021-03-10 09:50:02'),
(2415, 6, 22, '2021-03-10 09:50:02'),
(2416, 5, 19, '2021-03-10 10:00:01'),
(2417, 6, 22, '2021-03-10 10:00:02'),
(2418, 5, 20, '2021-03-10 10:10:02'),
(2419, 6, 24, '2021-03-10 10:10:03'),
(2420, 5, 20, '2021-03-10 10:30:02'),
(2421, 6, 25, '2021-03-10 10:30:02'),
(2422, 5, 20, '2021-03-10 10:40:02'),
(2423, 6, 25, '2021-03-10 10:40:02'),
(2424, 5, 21, '2021-03-10 10:50:02'),
(2425, 6, 27, '2021-03-10 10:50:02'),
(2426, 5, 21, '2021-03-10 11:10:01'),
(2427, 6, 28, '2021-03-10 11:10:02'),
(2428, 5, 21, '2021-03-10 11:20:02'),
(2429, 6, 29, '2021-03-10 11:20:02'),
(2430, 5, 21, '2021-03-10 11:30:01'),
(2431, 6, 30, '2021-03-10 11:30:02'),
(2432, 5, 22, '2021-03-10 11:40:02'),
(2433, 6, 31, '2021-03-10 11:40:02'),
(2434, 5, 22, '2021-03-10 11:50:02'),
(2435, 6, 30, '2021-03-10 11:50:02'),
(2436, 5, 22, '2021-03-10 12:00:01'),
(2437, 6, 30, '2021-03-10 12:00:02'),
(2438, 5, 22, '2021-03-10 12:10:02'),
(2439, 6, 30, '2021-03-10 12:10:02'),
(2440, 5, 22, '2021-03-10 12:20:01'),
(2441, 6, 31, '2021-03-10 12:20:02'),
(2442, 5, 22, '2021-03-10 12:30:02'),
(2443, 6, 31, '2021-03-10 12:30:02'),
(2444, 5, 22, '2021-03-10 12:40:02'),
(2445, 6, 32, '2021-03-10 12:40:02'),
(2446, 5, 22, '2021-03-10 12:50:02'),
(2447, 6, 30, '2021-03-10 12:50:02'),
(2448, 5, 22, '2021-03-10 13:00:02'),
(2449, 5, 23, '2021-03-10 13:10:01'),
(2450, 6, 31, '2021-03-10 13:10:02'),
(2451, 5, 23, '2021-03-10 13:20:02'),
(2452, 6, 31, '2021-03-10 13:20:02'),
(2453, 5, 23, '2021-03-10 13:30:02'),
(2454, 6, 27, '2021-03-10 13:30:02'),
(2455, 5, 23, '2021-03-10 13:40:02'),
(2456, 6, 30, '2021-03-10 13:40:03'),
(2457, 5, 23, '2021-03-10 13:50:02'),
(2458, 6, 29, '2021-03-10 13:50:02'),
(2459, 5, 23, '2021-03-10 14:10:02'),
(2460, 6, 27, '2021-03-10 14:10:02'),
(2461, 5, 23, '2021-03-10 14:20:02'),
(2462, 6, 25, '2021-03-10 14:20:02'),
(2463, 5, 23, '2021-03-10 14:30:01'),
(2464, 6, 28, '2021-03-10 14:30:02'),
(2465, 5, 23, '2021-03-10 14:40:02'),
(2466, 6, 24, '2021-03-10 14:40:02'),
(2467, 5, 23, '2021-03-10 14:50:02'),
(2468, 6, 25, '2021-03-10 14:50:02'),
(2469, 5, 23, '2021-03-10 15:10:02'),
(2470, 6, 20, '2021-03-10 15:10:02'),
(2471, 5, 23, '2021-03-10 15:20:02'),
(2472, 6, 21, '2021-03-10 15:20:02'),
(2473, 5, 23, '2021-03-10 15:30:01'),
(2474, 6, 20, '2021-03-10 15:30:02'),
(2475, 5, 23, '2021-03-10 15:40:02'),
(2476, 6, 19, '2021-03-10 15:40:02'),
(2477, 5, 23, '2021-03-10 15:50:01'),
(2478, 6, 18, '2021-03-10 15:50:02'),
(2479, 5, 23, '2021-03-10 16:00:02'),
(2480, 5, 23, '2021-03-10 16:10:01'),
(2481, 6, 17, '2021-03-10 16:10:02'),
(2482, 5, 23, '2021-03-10 16:20:02'),
(2483, 6, 17, '2021-03-10 16:20:02'),
(2484, 5, 23, '2021-03-10 16:30:02'),
(2485, 6, 17, '2021-03-10 16:30:03'),
(2486, 5, 23, '2021-03-10 16:40:02'),
(2487, 6, 16, '2021-03-10 16:40:02'),
(2488, 5, 22, '2021-03-10 16:50:02'),
(2489, 6, 16, '2021-03-10 16:50:02'),
(2490, 5, 22, '2021-03-10 17:10:01'),
(2491, 6, 14, '2021-03-10 17:10:02'),
(2492, 5, 22, '2021-03-10 17:20:02'),
(2493, 6, 13, '2021-03-10 17:20:02'),
(2494, 5, 22, '2021-03-10 17:30:02'),
(2495, 6, 13, '2021-03-10 17:30:02'),
(2496, 5, 22, '2021-03-10 17:40:02'),
(2497, 6, 12, '2021-03-10 17:40:03'),
(2498, 5, 22, '2021-03-10 17:50:02'),
(2499, 6, 12, '2021-03-10 17:50:02'),
(2500, 5, 22, '2021-03-10 18:00:02'),
(2501, 5, 22, '2021-03-10 18:10:01'),
(2502, 6, 11, '2021-03-10 18:10:02'),
(2503, 5, 21, '2021-03-10 18:20:02'),
(2504, 6, 11, '2021-03-10 18:20:02'),
(2505, 5, 21, '2021-03-10 18:30:02'),
(2506, 6, 11, '2021-03-10 18:30:02'),
(2507, 5, 21, '2021-03-10 18:40:01'),
(2508, 6, 10, '2021-03-10 18:40:02'),
(2509, 5, 21, '2021-03-10 18:50:02'),
(2510, 6, 10, '2021-03-10 18:50:02'),
(2511, 5, 21, '2021-03-10 19:10:01'),
(2512, 6, 10, '2021-03-10 19:10:02'),
(2513, 5, 21, '2021-03-10 19:20:02'),
(2514, 6, 9, '2021-03-10 19:20:02'),
(2515, 5, 21, '2021-03-10 19:30:02'),
(2516, 6, 9, '2021-03-10 19:30:02'),
(2517, 5, 21, '2021-03-10 19:40:09'),
(2518, 6, 9, '2021-03-10 19:40:09'),
(2519, 5, 21, '2021-03-10 19:50:01'),
(2520, 6, 9, '2021-03-10 19:50:02'),
(2521, 5, 21, '2021-03-10 20:10:02'),
(2522, 6, 9, '2021-03-10 20:10:02'),
(2523, 5, 21, '2021-03-10 20:20:01'),
(2524, 6, 8, '2021-03-10 20:20:02'),
(2525, 5, 21, '2021-03-10 20:30:02'),
(2526, 6, 8, '2021-03-10 20:30:02'),
(2527, 5, 20, '2021-03-10 20:40:01'),
(2528, 6, 8, '2021-03-10 20:40:02'),
(2529, 5, 20, '2021-03-10 20:50:02'),
(2530, 6, 8, '2021-03-10 20:50:02'),
(2531, 5, 20, '2021-03-10 21:00:01'),
(2532, 6, 7, '2021-03-10 21:00:02'),
(2533, 5, 20, '2021-03-10 21:10:02'),
(2534, 6, 7, '2021-03-10 21:10:02'),
(2535, 5, 20, '2021-03-10 21:20:03'),
(2536, 6, 7, '2021-03-10 21:20:04'),
(2537, 5, 20, '2021-03-10 21:30:02'),
(2538, 6, 7, '2021-03-10 21:30:02'),
(2539, 5, 20, '2021-03-10 21:40:02'),
(2540, 6, 6, '2021-03-10 21:40:02'),
(2541, 5, 20, '2021-03-10 21:50:02'),
(2542, 6, 6, '2021-03-10 21:50:02'),
(2543, 5, 20, '2021-03-10 22:00:01'),
(2544, 6, 6, '2021-03-10 22:00:02'),
(2545, 5, 20, '2021-03-10 22:10:02'),
(2546, 6, 6, '2021-03-10 22:10:02'),
(2547, 5, 20, '2021-03-10 22:20:01'),
(2548, 6, 6, '2021-03-10 22:20:02'),
(2549, 5, 20, '2021-03-10 22:30:02'),
(2550, 6, 6, '2021-03-10 22:30:02'),
(2551, 5, 19, '2021-03-10 22:40:01'),
(2552, 6, 5, '2021-03-10 22:40:02'),
(2553, 5, 19, '2021-03-10 22:50:02'),
(2554, 6, 5, '2021-03-10 22:50:02'),
(2555, 5, 19, '2021-03-10 23:00:01'),
(2556, 6, 5, '2021-03-10 23:00:02'),
(2557, 5, 19, '2021-03-10 23:10:01'),
(2558, 6, 5, '2021-03-10 23:10:02'),
(2559, 5, 19, '2021-03-10 23:20:02'),
(2560, 6, 5, '2021-03-10 23:20:02'),
(2561, 5, 19, '2021-03-10 23:30:02'),
(2562, 6, 5, '2021-03-10 23:30:02'),
(2563, 5, 19, '2021-03-10 23:40:02'),
(2564, 6, 4, '2021-03-10 23:40:02'),
(2565, 5, 19, '2021-03-10 23:50:02'),
(2566, 6, 4, '2021-03-10 23:50:02'),
(2567, 5, 19, '2021-03-11 00:00:01'),
(2568, 6, 4, '2021-03-11 00:00:02'),
(2569, 5, 19, '2021-03-11 00:10:02'),
(2570, 6, 5, '2021-03-11 00:10:02'),
(2571, 5, 19, '2021-03-11 00:20:01'),
(2572, 6, 4, '2021-03-11 00:20:02'),
(2573, 5, 19, '2021-03-11 00:30:02'),
(2574, 6, 5, '2021-03-11 00:30:02'),
(2575, 5, 19, '2021-03-11 00:40:01'),
(2576, 6, 5, '2021-03-11 00:40:01'),
(2577, 5, 19, '2021-03-11 00:50:02'),
(2578, 6, 5, '2021-03-11 00:50:02'),
(2579, 5, 18, '2021-03-11 01:00:02'),
(2580, 5, 18, '2021-03-11 01:10:01'),
(2581, 6, 6, '2021-03-11 01:10:02'),
(2582, 5, 18, '2021-03-11 01:20:02'),
(2583, 6, 5, '2021-03-11 01:20:02'),
(2584, 5, 18, '2021-03-11 01:30:01'),
(2585, 6, 6, '2021-03-11 01:30:02'),
(2586, 5, 18, '2021-03-11 01:40:02'),
(2587, 6, 6, '2021-03-11 01:40:02'),
(2588, 5, 18, '2021-03-11 01:50:01'),
(2589, 6, 6, '2021-03-11 01:50:02'),
(2590, 5, 18, '2021-03-11 02:10:02'),
(2591, 6, 5, '2021-03-11 02:10:02'),
(2592, 5, 18, '2021-03-11 02:20:02'),
(2593, 6, 5, '2021-03-11 02:20:03'),
(2594, 5, 18, '2021-03-11 02:30:02'),
(2595, 6, 5, '2021-03-11 02:30:02'),
(2596, 5, 18, '2021-03-11 02:40:02'),
(2597, 6, 5, '2021-03-11 02:40:02'),
(2598, 5, 18, '2021-03-11 02:50:01'),
(2599, 6, 5, '2021-03-11 02:50:02'),
(2600, 5, 18, '2021-03-11 03:00:02'),
(2601, 6, 5, '2021-03-11 03:00:02'),
(2602, 5, 18, '2021-03-11 03:10:02'),
(2603, 6, 5, '2021-03-11 03:10:02'),
(2604, 5, 18, '2021-03-11 03:20:02'),
(2605, 6, 5, '2021-03-11 03:20:02'),
(2606, 5, 21, '2021-03-11 18:20:01'),
(2607, 6, 13, '2021-03-11 18:20:01'),
(2608, 5, 21, '2021-03-11 18:30:01'),
(2609, 6, 12, '2021-03-11 18:30:02'),
(2610, 5, 21, '2021-03-11 18:40:02'),
(2611, 6, 12, '2021-03-11 18:40:02'),
(2612, 5, 21, '2021-03-11 18:50:01'),
(2613, 6, 12, '2021-03-11 18:50:02'),
(2614, 5, 21, '2021-03-11 19:00:01'),
(2615, 6, 12, '2021-03-11 19:00:01'),
(2616, 5, 21, '2021-03-11 19:10:02'),
(2617, 6, 12, '2021-03-11 19:10:02'),
(2618, 5, 21, '2021-03-11 19:20:02'),
(2619, 6, 12, '2021-03-11 19:20:02'),
(2620, 5, 21, '2021-03-11 19:30:01'),
(2621, 6, 11, '2021-03-11 19:30:01'),
(2622, 5, 21, '2021-03-11 19:40:01'),
(2623, 6, 11, '2021-03-11 19:40:02'),
(2624, 5, 21, '2021-03-11 19:50:01'),
(2625, 6, 11, '2021-03-11 19:50:02'),
(2626, 5, 21, '2021-03-11 20:00:02'),
(2627, 5, 21, '2021-03-11 20:10:01'),
(2628, 6, 11, '2021-03-11 20:10:01'),
(2629, 5, 21, '2021-03-11 20:20:01'),
(2630, 6, 11, '2021-03-11 20:20:02'),
(2631, 5, 21, '2021-03-11 20:30:01'),
(2632, 6, 10, '2021-03-11 20:30:01'),
(2633, 5, 21, '2021-03-11 20:40:01'),
(2634, 6, 11, '2021-03-11 20:40:01'),
(2635, 5, 20, '2021-03-11 20:50:01'),
(2636, 6, 10, '2021-03-11 20:50:02'),
(2637, 5, 21, '2021-03-11 21:00:02'),
(2638, 6, 10, '2021-03-11 21:00:02'),
(2639, 5, 20, '2021-03-11 21:10:02'),
(2640, 6, 10, '2021-03-11 21:10:02'),
(2641, 5, 20, '2021-03-11 21:20:02'),
(2642, 6, 10, '2021-03-11 21:20:02'),
(2643, 5, 20, '2021-03-11 21:30:01'),
(2644, 6, 10, '2021-03-11 21:30:02'),
(2645, 5, 20, '2021-03-11 21:40:01'),
(2646, 6, 9, '2021-03-11 21:40:02'),
(2647, 5, 20, '2021-03-11 21:50:01'),
(2648, 6, 9, '2021-03-11 21:50:01'),
(2649, 5, 20, '2021-03-11 22:00:01'),
(2650, 6, 9, '2021-03-11 22:00:01'),
(2651, 5, 20, '2021-03-11 22:10:01'),
(2652, 6, 9, '2021-03-11 22:10:02'),
(2653, 5, 20, '2021-03-11 22:20:01'),
(2654, 6, 9, '2021-03-11 22:20:02'),
(2655, 5, 20, '2021-03-11 22:30:02'),
(2656, 6, 10, '2021-03-11 22:30:02'),
(2657, 5, 20, '2021-03-11 22:40:02'),
(2658, 6, 10, '2021-03-11 22:40:02'),
(2659, 5, 20, '2021-03-11 22:50:02'),
(2660, 6, 10, '2021-03-11 22:50:02'),
(2661, 5, 20, '2021-03-11 23:00:01'),
(2662, 6, 9, '2021-03-11 23:00:01'),
(2663, 5, 20, '2021-03-11 23:10:01'),
(2664, 6, 10, '2021-03-11 23:10:02'),
(2665, 5, 20, '2021-03-11 23:20:02'),
(2666, 6, 10, '2021-03-11 23:20:02'),
(2667, 5, 19, '2021-03-11 23:30:02'),
(2668, 6, 10, '2021-03-11 23:30:02'),
(2669, 5, 19, '2021-03-11 23:40:01'),
(2670, 6, 10, '2021-03-11 23:40:01'),
(2671, 5, 19, '2021-03-11 23:50:01'),
(2672, 6, 10, '2021-03-11 23:50:01'),
(2673, 5, 19, '2021-03-12 00:00:01'),
(2674, 6, 10, '2021-03-12 00:00:01'),
(2675, 5, 19, '2021-03-12 00:10:01'),
(2676, 6, 10, '2021-03-12 00:10:02'),
(2677, 5, 19, '2021-03-12 00:20:02'),
(2678, 6, 10, '2021-03-12 00:20:02'),
(2679, 5, 19, '2021-03-12 00:30:02'),
(2680, 6, 10, '2021-03-12 00:30:02'),
(2681, 5, 19, '2021-03-12 00:40:02'),
(2682, 6, 10, '2021-03-12 00:40:02'),
(2683, 5, 19, '2021-03-12 00:50:01'),
(2684, 6, 10, '2021-03-12 00:50:01'),
(2685, 5, 19, '2021-03-12 01:00:01'),
(2686, 6, 10, '2021-03-12 01:00:01'),
(2687, 5, 19, '2021-03-12 01:10:01'),
(2688, 6, 10, '2021-03-12 01:10:02'),
(2689, 5, 19, '2021-03-12 01:20:01'),
(2690, 6, 10, '2021-03-12 01:20:02'),
(2691, 5, 19, '2021-03-12 01:30:02'),
(2692, 6, 10, '2021-03-12 01:30:02'),
(2693, 5, 19, '2021-03-12 01:40:01'),
(2694, 6, 10, '2021-03-12 01:40:02'),
(2695, 5, 19, '2021-03-12 01:50:01'),
(2696, 6, 10, '2021-03-12 01:50:02'),
(2697, 5, 19, '2021-03-12 02:00:02'),
(2698, 5, 19, '2021-03-12 02:10:02'),
(2699, 6, 10, '2021-03-12 02:10:02'),
(2700, 5, 19, '2021-03-12 02:20:01'),
(2701, 6, 10, '2021-03-12 02:20:01'),
(2702, 5, 19, '2021-03-12 02:30:01'),
(2703, 6, 10, '2021-03-12 02:30:01'),
(2704, 5, 19, '2021-03-12 02:40:01'),
(2705, 6, 10, '2021-03-12 02:40:02'),
(2706, 5, 19, '2021-03-12 02:50:01'),
(2707, 6, 10, '2021-03-12 02:50:02'),
(2708, 5, 19, '2021-03-12 03:00:02'),
(2709, 6, 10, '2021-03-12 03:00:02'),
(2710, 5, 19, '2021-03-12 03:10:01'),
(2711, 6, 10, '2021-03-12 03:10:01'),
(2712, 5, 19, '2021-03-12 03:20:01'),
(2713, 6, 10, '2021-03-12 03:20:02'),
(2714, 5, 19, '2021-03-12 03:30:02'),
(2715, 6, 10, '2021-03-12 03:30:02'),
(2716, 5, 19, '2021-03-12 03:40:01'),
(2717, 6, 10, '2021-03-12 03:40:01'),
(2718, 5, 19, '2021-03-12 03:50:01'),
(2719, 6, 9, '2021-03-12 03:50:01'),
(2720, 5, 19, '2021-03-12 04:00:01'),
(2721, 6, 9, '2021-03-12 04:00:02'),
(2722, 5, 19, '2021-03-12 04:10:01'),
(2723, 6, 9, '2021-03-12 04:10:01'),
(2724, 5, 19, '2021-03-12 04:20:01'),
(2725, 6, 9, '2021-03-12 04:20:01'),
(2726, 5, 19, '2021-03-12 04:30:01'),
(2727, 6, 9, '2021-03-12 04:30:02'),
(2728, 5, 19, '2021-03-12 04:40:02'),
(2729, 6, 9, '2021-03-12 04:40:02'),
(2730, 5, 19, '2021-03-12 04:50:02'),
(2731, 6, 9, '2021-03-12 04:50:02'),
(2732, 5, 18, '2021-03-12 05:00:01'),
(2733, 6, 9, '2021-03-12 05:00:01'),
(2734, 5, 18, '2021-03-12 05:10:01'),
(2735, 6, 9, '2021-03-12 05:10:01'),
(2736, 5, 18, '2021-03-12 05:20:01'),
(2737, 6, 9, '2021-03-12 05:20:02'),
(2738, 5, 18, '2021-03-12 05:30:02'),
(2739, 6, 8, '2021-03-12 05:30:02'),
(2740, 5, 18, '2021-03-12 05:40:01'),
(2741, 6, 8, '2021-03-12 05:40:01'),
(2742, 5, 18, '2021-03-12 05:50:01'),
(2743, 6, 8, '2021-03-12 05:50:01'),
(2744, 5, 18, '2021-03-12 06:00:01'),
(2745, 5, 18, '2021-03-12 06:10:01'),
(2746, 6, 8, '2021-03-12 06:10:01'),
(2747, 5, 18, '2021-03-12 06:20:01'),
(2748, 6, 8, '2021-03-12 06:20:01'),
(2749, 5, 18, '2021-03-12 06:30:01'),
(2750, 6, 8, '2021-03-12 06:30:02'),
(2751, 5, 18, '2021-03-12 06:40:01'),
(2752, 6, 8, '2021-03-12 06:40:02'),
(2753, 5, 18, '2021-03-12 06:50:02'),
(2754, 6, 9, '2021-03-12 06:50:02'),
(2755, 5, 18, '2021-03-12 07:10:02'),
(2756, 6, 9, '2021-03-12 07:10:02'),
(2757, 5, 18, '2021-03-12 07:20:01'),
(2758, 6, 9, '2021-03-12 07:20:01'),
(2759, 5, 18, '2021-03-12 07:30:01'),
(2760, 6, 9, '2021-03-12 07:30:01'),
(2761, 5, 18, '2021-03-12 07:40:01'),
(2762, 6, 9, '2021-03-12 07:40:02'),
(2763, 5, 19, '2021-03-12 07:50:01'),
(2764, 6, 10, '2021-03-12 07:50:02'),
(2765, 5, 19, '2021-03-12 08:00:02'),
(2766, 6, 10, '2021-03-12 08:00:02'),
(2767, 5, 19, '2021-03-12 08:10:01'),
(2768, 6, 10, '2021-03-12 08:10:01'),
(2769, 5, 19, '2021-03-12 08:20:01'),
(2770, 6, 10, '2021-03-12 08:20:01'),
(2771, 5, 19, '2021-03-12 08:30:01'),
(2772, 6, 11, '2021-03-12 08:30:02'),
(2773, 5, 19, '2021-03-12 08:40:02'),
(2774, 6, 12, '2021-03-12 08:40:02'),
(2775, 5, 20, '2021-03-12 08:50:02'),
(2776, 6, 12, '2021-03-12 08:50:02'),
(2777, 5, 20, '2021-03-12 09:00:01'),
(2778, 6, 13, '2021-03-12 09:00:01'),
(2779, 5, 20, '2021-03-12 09:10:01'),
(2780, 6, 13, '2021-03-12 09:10:01'),
(2781, 5, 20, '2021-03-12 09:20:01'),
(2782, 6, 13, '2021-03-12 09:20:01'),
(2783, 5, 20, '2021-03-12 09:30:01'),
(2784, 6, 13, '2021-03-12 09:30:02'),
(2785, 5, 20, '2021-03-12 09:40:02'),
(2786, 6, 14, '2021-03-12 09:40:02'),
(2787, 5, 21, '2021-03-12 09:50:02'),
(2788, 6, 17, '2021-03-12 09:50:02'),
(2789, 5, 21, '2021-03-12 10:00:01'),
(2790, 6, 15, '2021-03-12 10:00:01'),
(2791, 5, 21, '2021-03-12 10:10:01'),
(2792, 6, 14, '2021-03-12 10:10:01'),
(2793, 5, 21, '2021-03-12 10:20:01'),
(2794, 6, 22, '2021-03-12 10:20:01'),
(2795, 5, 21, '2021-03-12 10:30:01'),
(2796, 6, 18, '2021-03-12 10:30:02'),
(2797, 5, 21, '2021-03-12 10:40:01'),
(2798, 6, 21, '2021-03-12 10:40:02'),
(2799, 5, 21, '2021-03-12 10:50:02'),
(2800, 6, 18, '2021-03-12 10:50:02'),
(2801, 5, 21, '2021-03-12 11:00:01'),
(2802, 6, 19, '2021-03-12 11:00:01'),
(2803, 5, 21, '2021-03-12 11:10:02'),
(2804, 6, 17, '2021-03-12 11:10:02'),
(2805, 5, 21, '2021-03-12 11:20:01'),
(2806, 6, 24, '2021-03-12 11:20:01'),
(2807, 5, 21, '2021-03-12 11:30:01'),
(2808, 6, 23, '2021-03-12 11:30:01'),
(2809, 5, 21, '2021-03-12 11:40:01'),
(2810, 6, 24, '2021-03-12 11:40:02'),
(2811, 5, 21, '2021-03-12 11:50:02'),
(2812, 6, 27, '2021-03-12 11:50:02'),
(2813, 5, 21, '2021-03-12 12:00:01'),
(2814, 6, 23, '2021-03-12 12:00:01'),
(2815, 5, 21, '2021-03-12 12:10:01'),
(2816, 6, 26, '2021-03-12 12:10:01'),
(2817, 5, 21, '2021-03-12 12:20:01'),
(2818, 6, 27, '2021-03-12 12:20:01'),
(2819, 5, 22, '2021-03-12 12:30:01'),
(2820, 6, 25, '2021-03-12 12:30:02'),
(2821, 5, 22, '2021-03-12 12:40:02'),
(2822, 6, 25, '2021-03-12 12:40:02'),
(2823, 5, 22, '2021-03-12 12:50:02'),
(2824, 6, 28, '2021-03-12 12:50:02'),
(2825, 5, 22, '2021-03-12 13:00:01'),
(2826, 5, 22, '2021-03-12 13:10:01'),
(2827, 6, 27, '2021-03-12 13:10:02'),
(2828, 5, 22, '2021-03-12 13:20:01'),
(2829, 6, 20, '2021-03-12 13:20:02'),
(2830, 5, 22, '2021-03-12 13:30:02'),
(2831, 6, 24, '2021-03-12 13:30:02'),
(2832, 5, 22, '2021-03-12 13:40:01');
INSERT INTO `sensor_data` (`id`, `sensor_id`, `temperature`, `timestamp`) VALUES
(2833, 6, 23, '2021-03-12 13:40:01'),
(2834, 5, 22, '2021-03-12 13:50:01'),
(2835, 6, 22, '2021-03-12 13:50:01'),
(2836, 5, 22, '2021-03-12 14:00:01'),
(2837, 5, 23, '2021-03-12 14:10:01'),
(2838, 6, 21, '2021-03-12 14:10:01'),
(2839, 5, 23, '2021-03-12 14:20:01'),
(2840, 6, 21, '2021-03-12 14:20:01'),
(2841, 5, 23, '2021-03-12 14:30:01'),
(2842, 6, 22, '2021-03-12 14:30:02'),
(2843, 5, 23, '2021-03-12 14:40:02'),
(2844, 6, 21, '2021-03-12 14:40:02'),
(2845, 5, 23, '2021-03-12 14:50:02'),
(2846, 6, 21, '2021-03-12 14:50:02'),
(2847, 5, 23, '2021-03-12 15:10:02'),
(2848, 6, 19, '2021-03-12 15:10:02'),
(2849, 5, 23, '2021-03-12 15:20:02'),
(2850, 6, 17, '2021-03-12 15:20:02'),
(2851, 5, 23, '2021-03-12 15:30:01'),
(2852, 6, 16, '2021-03-12 15:30:01'),
(2853, 5, 22, '2021-03-12 15:40:01'),
(2854, 6, 18, '2021-03-12 15:40:01'),
(2855, 5, 22, '2021-03-12 15:50:01'),
(2856, 6, 18, '2021-03-12 15:50:02'),
(2857, 5, 22, '2021-03-12 16:00:02'),
(2858, 6, 17, '2021-03-12 16:00:02'),
(2859, 5, 22, '2021-03-12 16:10:02'),
(2860, 6, 15, '2021-03-12 16:10:02'),
(2861, 5, 22, '2021-03-12 16:20:02'),
(2862, 6, 15, '2021-03-12 16:20:02'),
(2863, 5, 22, '2021-03-12 16:30:01'),
(2864, 6, 14, '2021-03-12 16:30:01'),
(2865, 5, 22, '2021-03-12 16:40:01'),
(2866, 6, 14, '2021-03-12 16:40:01'),
(2867, 5, 22, '2021-03-12 16:50:01'),
(2868, 6, 14, '2021-03-12 16:50:02'),
(2869, 5, 22, '2021-03-12 17:00:01'),
(2870, 6, 15, '2021-03-12 17:00:02'),
(2871, 5, 22, '2021-03-12 17:10:02'),
(2872, 6, 14, '2021-03-12 17:10:02'),
(2873, 5, 22, '2021-03-12 17:20:01'),
(2874, 6, 13, '2021-03-12 17:20:01'),
(2875, 5, 22, '2021-03-12 17:30:01'),
(2876, 6, 13, '2021-03-12 17:30:02'),
(2877, 5, 22, '2021-03-12 17:40:02'),
(2878, 6, 12, '2021-03-12 17:40:02'),
(2879, 5, 22, '2021-03-12 17:50:01'),
(2880, 6, 12, '2021-03-12 17:50:01'),
(2881, 5, 22, '2021-03-12 18:00:01'),
(2882, 6, 12, '2021-03-12 18:00:01'),
(2883, 5, 21, '2021-03-12 18:10:01'),
(2884, 6, 12, '2021-03-12 18:10:02'),
(2885, 5, 21, '2021-03-12 18:20:02'),
(2886, 6, 11, '2021-03-12 18:20:02'),
(2887, 5, 21, '2021-03-12 18:30:01'),
(2888, 6, 11, '2021-03-12 18:30:01'),
(2889, 5, 21, '2021-03-12 18:40:01'),
(2890, 6, 11, '2021-03-12 18:40:01'),
(2891, 5, 21, '2021-03-12 18:50:01'),
(2892, 6, 11, '2021-03-12 18:50:02'),
(2893, 5, 21, '2021-03-12 19:10:01'),
(2894, 6, 11, '2021-03-12 19:10:01'),
(2895, 5, 21, '2021-03-12 19:20:02'),
(2896, 6, 10, '2021-03-12 19:20:02'),
(2897, 5, 21, '2021-03-12 19:30:01'),
(2898, 6, 10, '2021-03-12 19:30:02'),
(2899, 5, 21, '2021-03-12 19:40:01'),
(2900, 6, 10, '2021-03-12 19:40:01'),
(2901, 5, 21, '2021-03-12 19:50:01'),
(2902, 6, 9, '2021-03-12 19:50:01'),
(2903, 5, 21, '2021-03-12 20:00:01'),
(2904, 6, 9, '2021-03-12 20:00:02'),
(2905, 5, 21, '2021-03-12 20:10:02'),
(2906, 6, 9, '2021-03-12 20:10:02'),
(2907, 5, 21, '2021-03-12 20:20:01'),
(2908, 6, 9, '2021-03-12 20:20:01'),
(2909, 5, 21, '2021-03-12 20:30:01'),
(2910, 6, 9, '2021-03-12 20:30:01'),
(2911, 5, 21, '2021-03-12 20:40:01'),
(2912, 6, 9, '2021-03-12 20:40:02'),
(2913, 5, 21, '2021-03-12 20:50:01'),
(2914, 6, 9, '2021-03-12 20:50:02'),
(2915, 5, 20, '2021-03-12 21:00:02'),
(2916, 5, 20, '2021-03-12 21:10:02'),
(2917, 6, 9, '2021-03-12 21:10:02'),
(2918, 5, 20, '2021-03-12 21:20:01'),
(2919, 6, 9, '2021-03-12 21:20:01'),
(2920, 5, 20, '2021-03-12 21:30:01'),
(2921, 6, 8, '2021-03-12 21:30:01'),
(2922, 5, 20, '2021-03-12 21:40:01'),
(2923, 6, 8, '2021-03-12 21:40:02'),
(2924, 5, 20, '2021-03-12 21:50:02'),
(2925, 6, 8, '2021-03-12 21:50:02'),
(2926, 5, 20, '2021-03-12 22:00:01'),
(2927, 6, 8, '2021-03-12 22:00:01'),
(2928, 5, 20, '2021-03-12 22:10:01'),
(2929, 6, 8, '2021-03-12 22:10:01'),
(2930, 5, 20, '2021-03-12 22:20:01'),
(2931, 6, 8, '2021-03-12 22:20:01'),
(2932, 5, 20, '2021-03-12 22:30:01'),
(2933, 6, 8, '2021-03-12 22:30:02'),
(2934, 5, 20, '2021-03-12 22:40:02'),
(2935, 6, 8, '2021-03-12 22:40:02'),
(2936, 5, 20, '2021-03-12 22:50:02'),
(2937, 6, 8, '2021-03-12 22:50:02'),
(2938, 5, 19, '2021-03-12 23:10:01'),
(2939, 6, 7, '2021-03-12 23:10:02'),
(2940, 5, 19, '2021-03-12 23:20:02'),
(2941, 6, 7, '2021-03-12 23:20:02'),
(2942, 5, 19, '2021-03-12 23:30:02'),
(2943, 6, 7, '2021-03-12 23:30:02'),
(2944, 5, 19, '2021-03-12 23:40:01'),
(2945, 6, 7, '2021-03-12 23:40:01'),
(2946, 5, 19, '2021-03-12 23:50:01'),
(2947, 6, 7, '2021-03-12 23:50:02'),
(2948, 5, 19, '2021-03-13 00:00:02'),
(2949, 6, 7, '2021-03-13 00:00:02'),
(2950, 5, 19, '2021-03-13 00:10:01'),
(2951, 6, 7, '2021-03-13 00:10:02'),
(2952, 5, 19, '2021-03-13 00:20:02'),
(2953, 6, 7, '2021-03-13 00:20:02'),
(2954, 5, 19, '2021-03-13 00:30:02'),
(2955, 6, 7, '2021-03-13 00:30:02'),
(2956, 5, 19, '2021-03-13 00:40:01'),
(2957, 6, 6, '2021-03-13 00:40:01'),
(2958, 5, 19, '2021-03-13 00:50:01'),
(2959, 6, 6, '2021-03-13 00:50:01'),
(2960, 5, 19, '2021-03-13 01:00:01'),
(2961, 6, 6, '2021-03-13 01:00:02'),
(2962, 5, 19, '2021-03-13 01:10:01'),
(2963, 6, 6, '2021-03-13 01:10:01'),
(2964, 5, 19, '2021-03-13 01:20:01'),
(2965, 6, 6, '2021-03-13 01:20:02'),
(2966, 5, 18, '2021-03-13 01:30:01'),
(2967, 6, 6, '2021-03-13 01:30:02'),
(2968, 5, 18, '2021-03-13 01:40:02'),
(2969, 6, 6, '2021-03-13 01:40:02'),
(2970, 5, 18, '2021-03-13 01:50:02'),
(2971, 6, 6, '2021-03-13 01:50:02'),
(2972, 5, 18, '2021-03-13 02:00:01'),
(2973, 6, 6, '2021-03-13 02:00:01'),
(2974, 5, 18, '2021-03-13 02:10:02'),
(2975, 6, 6, '2021-03-13 02:10:02'),
(2976, 5, 18, '2021-03-13 02:20:01'),
(2977, 6, 5, '2021-03-13 02:20:01'),
(2978, 5, 18, '2021-03-13 02:30:01'),
(2979, 6, 5, '2021-03-13 02:30:02'),
(2980, 5, 18, '2021-03-13 02:40:01'),
(2981, 6, 5, '2021-03-13 02:40:01'),
(2982, 5, 18, '2021-03-13 02:50:01'),
(2983, 6, 5, '2021-03-13 02:50:01'),
(2984, 5, 18, '2021-03-13 03:00:01'),
(2985, 6, 5, '2021-03-13 03:00:02'),
(2986, 5, 18, '2021-03-13 03:10:02'),
(2987, 6, 5, '2021-03-13 03:10:02'),
(2988, 5, 18, '2021-03-13 03:20:02'),
(2989, 6, 5, '2021-03-13 03:20:02'),
(2990, 5, 18, '2021-03-13 03:30:01'),
(2991, 6, 5, '2021-03-13 03:30:02'),
(2992, 5, 18, '2021-03-13 03:40:02'),
(2993, 6, 4, '2021-03-13 03:40:02'),
(2994, 5, 18, '2021-03-13 03:50:02'),
(2995, 6, 4, '2021-03-13 03:50:02'),
(2996, 5, 18, '2021-03-13 04:00:01'),
(2997, 6, 4, '2021-03-13 04:00:01'),
(2998, 5, 18, '2021-03-13 04:10:02'),
(2999, 6, 4, '2021-03-13 04:10:02'),
(3000, 5, 18, '2021-03-13 04:20:01'),
(3001, 6, 4, '2021-03-13 04:20:01'),
(3002, 5, 17, '2021-03-13 04:30:01'),
(3003, 6, 4, '2021-03-13 04:30:01'),
(3004, 5, 17, '2021-03-13 04:40:01'),
(3005, 6, 4, '2021-03-13 04:40:01'),
(3006, 5, 17, '2021-03-13 04:50:01'),
(3007, 6, 5, '2021-03-13 04:50:02'),
(3008, 5, 17, '2021-03-13 05:00:02'),
(3009, 6, 4, '2021-03-13 05:00:02'),
(3010, 5, 17, '2021-03-13 05:10:01'),
(3011, 6, 4, '2021-03-13 05:10:01'),
(3012, 5, 17, '2021-03-13 05:20:01'),
(3013, 6, 4, '2021-03-13 05:20:02'),
(3014, 5, 17, '2021-03-13 05:30:01'),
(3015, 6, 5, '2021-03-13 05:30:01'),
(3016, 5, 17, '2021-03-13 05:40:01'),
(3017, 6, 4, '2021-03-13 05:40:01'),
(3018, 5, 18, '2021-03-13 05:50:01'),
(3019, 6, 4, '2021-03-13 05:50:02'),
(3020, 5, 18, '2021-03-13 06:00:01'),
(3021, 5, 18, '2021-03-13 06:10:01'),
(3022, 6, 4, '2021-03-13 06:10:01'),
(3023, 5, 18, '2021-03-13 06:20:01'),
(3024, 6, 4, '2021-03-13 06:20:02'),
(3025, 5, 18, '2021-03-13 06:30:01'),
(3026, 6, 5, '2021-03-13 06:30:02'),
(3027, 5, 18, '2021-03-13 06:40:02'),
(3028, 6, 5, '2021-03-13 06:40:02'),
(3029, 5, 18, '2021-03-13 06:50:02'),
(3030, 6, 5, '2021-03-13 06:50:02'),
(3031, 5, 18, '2021-03-13 07:00:01'),
(3032, 6, 5, '2021-03-13 07:00:01'),
(3033, 5, 18, '2021-03-13 07:10:01'),
(3034, 6, 6, '2021-03-13 07:10:01'),
(3035, 5, 18, '2021-03-13 07:20:01'),
(3036, 6, 6, '2021-03-13 07:20:02'),
(3037, 5, 18, '2021-03-13 07:30:01'),
(3038, 6, 7, '2021-03-13 07:30:02'),
(3039, 5, 18, '2021-03-13 07:40:02'),
(3040, 6, 7, '2021-03-13 07:40:02'),
(3041, 5, 18, '2021-03-13 07:50:02'),
(3042, 6, 8, '2021-03-13 07:50:02'),
(3043, 5, 18, '2021-03-13 08:00:02'),
(3044, 5, 18, '2021-03-13 08:10:01'),
(3045, 6, 9, '2021-03-13 08:10:01'),
(3046, 5, 18, '2021-03-13 08:20:01'),
(3047, 6, 10, '2021-03-13 08:20:02'),
(3048, 5, 18, '2021-03-13 08:30:01'),
(3049, 6, 10, '2021-03-13 08:30:02'),
(3050, 5, 18, '2021-03-13 08:40:02'),
(3051, 6, 11, '2021-03-13 08:40:02'),
(3052, 5, 18, '2021-03-13 08:50:01'),
(3053, 6, 12, '2021-03-13 08:50:01'),
(3054, 5, 19, '2021-03-13 09:00:01'),
(3055, 6, 12, '2021-03-13 09:00:02'),
(3056, 5, 19, '2021-03-13 09:10:02'),
(3057, 6, 13, '2021-03-13 09:10:02'),
(3058, 5, 19, '2021-03-13 09:20:02'),
(3059, 6, 14, '2021-03-13 09:20:02'),
(3060, 5, 19, '2021-03-13 09:30:01'),
(3061, 6, 16, '2021-03-13 09:30:01'),
(3062, 5, 19, '2021-03-13 09:40:01'),
(3063, 6, 20, '2021-03-13 09:40:01'),
(3064, 5, 20, '2021-03-13 09:50:01'),
(3065, 6, 20, '2021-03-13 09:50:02'),
(3066, 5, 20, '2021-03-13 10:00:01'),
(3067, 5, 20, '2021-03-13 10:10:02'),
(3068, 6, 23, '2021-03-13 10:10:02'),
(3069, 5, 20, '2021-03-13 10:20:02'),
(3070, 6, 23, '2021-03-13 10:20:02'),
(3071, 5, 20, '2021-03-13 10:30:01'),
(3072, 6, 23, '2021-03-13 10:30:01'),
(3073, 5, 20, '2021-03-13 10:40:01'),
(3074, 6, 23, '2021-03-13 10:40:01'),
(3075, 5, 21, '2021-03-13 10:50:01'),
(3076, 6, 25, '2021-03-13 10:50:02'),
(3077, 5, 21, '2021-03-13 11:00:01'),
(3078, 6, 26, '2021-03-13 11:00:02'),
(3079, 5, 21, '2021-03-13 11:10:02'),
(3080, 6, 25, '2021-03-13 11:10:02'),
(3081, 5, 21, '2021-03-13 11:20:01'),
(3082, 6, 26, '2021-03-13 11:20:01'),
(3083, 5, 21, '2021-03-13 11:30:01'),
(3084, 6, 24, '2021-03-13 11:30:01'),
(3085, 5, 21, '2021-03-13 11:40:01'),
(3086, 6, 21, '2021-03-13 11:40:02'),
(3087, 5, 22, '2021-03-13 11:50:02'),
(3088, 6, 20, '2021-03-13 11:50:02'),
(3089, 5, 22, '2021-03-13 12:00:02'),
(3090, 5, 22, '2021-03-13 12:10:01'),
(3091, 6, 20, '2021-03-13 12:10:02'),
(3092, 5, 22, '2021-03-13 12:20:01'),
(3093, 6, 24, '2021-03-13 12:20:02'),
(3094, 5, 22, '2021-03-13 12:30:02'),
(3095, 6, 21, '2021-03-13 12:30:02'),
(3096, 5, 22, '2021-03-13 12:40:01'),
(3097, 6, 22, '2021-03-13 12:40:01'),
(3098, 5, 22, '2021-03-13 12:50:01'),
(3099, 6, 23, '2021-03-13 12:50:01'),
(3100, 5, 22, '2021-03-13 13:00:01'),
(3101, 5, 22, '2021-03-13 13:10:01'),
(3102, 6, 20, '2021-03-13 13:10:01'),
(3103, 5, 22, '2021-03-13 13:20:01'),
(3104, 6, 22, '2021-03-13 13:20:01'),
(3105, 5, 22, '2021-03-13 13:30:01'),
(3106, 6, 22, '2021-03-13 13:30:02'),
(3107, 5, 22, '2021-03-13 13:40:01'),
(3108, 6, 22, '2021-03-13 13:40:01'),
(3109, 5, 22, '2021-03-13 13:50:01'),
(3110, 6, 28, '2021-03-13 13:50:02'),
(3111, 5, 22, '2021-03-13 14:00:02'),
(3112, 5, 22, '2021-03-13 14:10:02'),
(3113, 6, 19, '2021-03-13 14:10:02'),
(3114, 5, 23, '2021-03-13 14:20:01'),
(3115, 6, 23, '2021-03-13 14:20:01'),
(3116, 5, 23, '2021-03-13 14:30:01'),
(3117, 6, 17, '2021-03-13 14:30:01'),
(3118, 5, 23, '2021-03-13 14:40:01'),
(3119, 6, 19, '2021-03-13 14:40:01'),
(3120, 5, 23, '2021-03-13 14:50:01'),
(3121, 6, 19, '2021-03-13 14:50:02'),
(3122, 5, 23, '2021-03-13 15:00:02'),
(3123, 6, 17, '2021-03-13 15:00:02'),
(3124, 5, 23, '2021-03-13 15:10:01'),
(3125, 6, 19, '2021-03-13 15:10:01'),
(3126, 5, 23, '2021-03-13 15:20:01'),
(3127, 6, 18, '2021-03-13 15:20:01'),
(3128, 5, 23, '2021-03-13 15:30:01'),
(3129, 6, 18, '2021-03-13 15:30:01'),
(3130, 5, 23, '2021-03-13 15:40:01'),
(3131, 6, 17, '2021-03-13 15:40:01'),
(3132, 5, 23, '2021-03-13 15:50:01'),
(3133, 6, 16, '2021-03-13 15:50:01'),
(3134, 5, 23, '2021-03-13 16:00:01'),
(3135, 6, 16, '2021-03-13 16:00:02'),
(3136, 5, 23, '2021-03-13 16:10:01'),
(3137, 6, 16, '2021-03-13 16:10:02'),
(3138, 5, 23, '2021-03-13 16:20:02'),
(3139, 6, 16, '2021-03-13 16:20:02'),
(3140, 5, 23, '2021-03-13 16:30:01'),
(3141, 6, 14, '2021-03-13 16:30:01'),
(3142, 5, 23, '2021-03-13 16:40:01'),
(3143, 6, 14, '2021-03-13 16:40:01'),
(3144, 5, 23, '2021-03-13 16:50:01'),
(3145, 6, 14, '2021-03-13 16:50:02'),
(3146, 5, 23, '2021-03-13 17:00:02'),
(3147, 5, 23, '2021-03-13 17:10:02'),
(3148, 6, 13, '2021-03-13 17:10:02'),
(3149, 5, 23, '2021-03-13 17:20:02'),
(3150, 6, 13, '2021-03-13 17:20:02'),
(3151, 5, 22, '2021-03-13 17:30:01'),
(3152, 6, 13, '2021-03-13 17:30:01'),
(3153, 5, 22, '2021-03-13 17:40:02'),
(3154, 6, 12, '2021-03-13 17:40:02'),
(3155, 5, 22, '2021-03-13 17:50:01'),
(3156, 6, 11, '2021-03-13 17:50:01'),
(3157, 5, 22, '2021-03-13 18:00:01'),
(3158, 5, 22, '2021-03-13 18:10:02'),
(3159, 6, 11, '2021-03-13 18:10:02'),
(3160, 5, 22, '2021-03-13 18:20:01'),
(3161, 6, 11, '2021-03-13 18:20:01'),
(3162, 5, 22, '2021-03-13 18:30:01'),
(3163, 6, 11, '2021-03-13 18:30:01'),
(3164, 5, 21, '2021-03-13 18:40:01'),
(3165, 6, 11, '2021-03-13 18:40:01'),
(3166, 5, 21, '2021-03-13 18:50:01'),
(3167, 6, 11, '2021-03-13 18:50:02'),
(3168, 5, 21, '2021-03-13 19:00:02'),
(3169, 5, 21, '2021-03-13 19:10:01'),
(3170, 6, 10, '2021-03-13 19:10:01'),
(3171, 5, 21, '2021-03-13 19:20:01'),
(3172, 6, 10, '2021-03-13 19:20:01'),
(3173, 5, 21, '2021-03-13 19:30:01'),
(3174, 6, 10, '2021-03-13 19:30:02'),
(3175, 5, 21, '2021-03-13 19:40:01'),
(3176, 6, 10, '2021-03-13 19:40:02'),
(3177, 5, 21, '2021-03-13 19:50:02'),
(3178, 6, 10, '2021-03-13 19:50:02'),
(3179, 5, 21, '2021-03-13 20:10:02'),
(3180, 6, 10, '2021-03-13 20:10:02'),
(3181, 5, 21, '2021-03-13 20:20:01'),
(3182, 6, 10, '2021-03-13 20:20:01'),
(3183, 5, 21, '2021-03-13 20:30:01'),
(3184, 6, 10, '2021-03-13 20:30:02'),
(3185, 5, 21, '2021-03-13 20:40:02'),
(3186, 6, 10, '2021-03-13 20:40:02'),
(3187, 5, 21, '2021-03-13 20:50:02'),
(3188, 6, 10, '2021-03-13 20:50:02'),
(3189, 5, 21, '2021-03-13 21:00:01'),
(3190, 6, 9, '2021-03-13 21:00:01'),
(3191, 5, 21, '2021-03-13 21:10:01'),
(3192, 6, 9, '2021-03-13 21:10:01'),
(3193, 5, 20, '2021-03-13 21:20:01'),
(3194, 6, 9, '2021-03-13 21:20:01'),
(3195, 5, 20, '2021-03-13 21:30:01'),
(3196, 6, 9, '2021-03-13 21:30:02'),
(3197, 5, 20, '2021-03-13 21:40:02'),
(3198, 6, 9, '2021-03-13 21:40:02'),
(3199, 5, 20, '2021-03-13 21:50:02'),
(3200, 6, 9, '2021-03-13 21:50:02'),
(3201, 5, 20, '2021-03-13 22:10:01'),
(3202, 6, 9, '2021-03-13 22:10:02'),
(3203, 5, 20, '2021-03-13 22:20:02'),
(3204, 6, 9, '2021-03-13 22:20:02');

-- --------------------------------------------------------

--
-- Structure de la table `sensor_types`
--

CREATE TABLE `sensor_types` (
  `id` int(11) NOT NULL,
  `name` varchar(255) NOT NULL
) ENGINE=InnoDB DEFAULT CHARSET=utf8;

--
-- Déchargement des données de la table `sensor_types`
--

INSERT INTO `sensor_types` (`id`, `name`) VALUES
(5, 'Thermique');

-- --------------------------------------------------------

--
-- Structure de la table `users`
--

CREATE TABLE `users` (
  `id` int(11) NOT NULL,
  `id_google` varchar(255) DEFAULT NULL,
  `id_facebook` varchar(255) DEFAULT NULL,
  `last_name` varchar(255) NOT NULL,
  `first_name` varchar(255) NOT NULL,
  `email` varchar(255) NOT NULL,
  `password` varchar(255) DEFAULT NULL,
  `is_verified` tinyint(1) NOT NULL DEFAULT 0,
  `avatar` varchar(255) NOT NULL DEFAULT 'https://i.pinimg.com/originals/96/bd/9a/96bd9aac07e756e952c0c96d1a8e84bd.jpg',
  `role_id` int(11) NOT NULL,
  `token` varchar(255) NOT NULL,
  `last_connexion` timestamp NULL DEFAULT NULL,
  `nb_values_sensors` int(11) NOT NULL DEFAULT 11,
  `nb_values_comparison` int(11) NOT NULL DEFAULT 128,
  `created_at` datetime NOT NULL DEFAULT current_timestamp()
) ENGINE=InnoDB DEFAULT CHARSET=utf8;

--
-- Déchargement des données de la table `users`
--

INSERT INTO `users` (`id`, `id_google`, `id_facebook`, `last_name`, `first_name`, `email`, `password`, `is_verified`, `avatar`, `role_id`, `token`, `last_connexion`, `nb_values_sensors`, `nb_values_comparison`, `created_at`) VALUES
(5, NULL, NULL, 'Finance', 'Aurélien', 'aurelien.finance04@gmail.com', '$argon2i$v=19$m=65536,t=4,p=1$eWFzR2hVTTFMc2VrdXczUA$thZfmFZxZ1bhEIGDpKAs6UhLwU/bdUw5YI4ThE/xFLU', 1, '/public/assets/uploads/b9be682f9507a1eaa1c8d95896b0757604aeef8e1e11e63a741fe367e6fc5a19.jpg', 1, '9c0323d65aeef3b1fce7a2c70ad23e84bf792ca8b1f176e3773e1deb1f8c4770e039f935ec43b96884e9d05e956929f2cb0aac870858a40d3f8b7125b75257fd', '2021-03-12 07:25:41', 11, 128, '2021-03-10 23:07:22'),
(9, NULL, NULL, 'SERRIERES MANIECKI', 'Mathis', 'mathis.sema@gmail.com', '$argon2i$v=19$m=65536,t=4,p=1$OE1pbTIxdzVmVjFmbldybw$S293FCTRDDsFYXVxvE2+4MSX5DS2LzhCRaaLtYK9ZVc', 1, 'https://i.pinimg.com/originals/96/bd/9a/96bd9aac07e756e952c0c96d1a8e84bd.jpg', 1, '95386194d89411a40a927262bc20643ca5581dcea6e20490bb3cabcf2d7d130cb12f39b9932ebb4e88cb6f622ed9314d56698c5f8466d4bcad34cc3fa6be0067', '2021-03-11 10:48:59', 11, 128, '2021-03-11 23:27:17'),
(10, '9223372036854775807', NULL, 'Finance', 'Aurélien', 'af@siweb.fr', NULL, 1, 'https://lh3.googleusercontent.com/-k8o5305-s6Y/AAAAAAAAAAI/AAAAAAAAAAA/AMZuuclvbWo40vqRc-BIw2eeHnT9osi_Tg/s96-c/photo.jpg', 1, '2dc1b0a784c783b5ab0adfb39e02cabc9e5b21b28dd51da2f29359151cf18432d2ff859f6619c7210b458405210e4823ea4f978a7baafe5c6bd18267665c2f87', '2021-03-12 03:27:31', 11, 128, '2021-03-12 16:26:03');

--
-- Index pour les tables déchargées
--

--
-- Index pour la table `ban`
--
ALTER TABLE `ban`
  ADD PRIMARY KEY (`id`);

--
-- Index pour la table `roles`
--
ALTER TABLE `roles`
  ADD PRIMARY KEY (`id`);

--
-- Index pour la table `sensors`
--
ALTER TABLE `sensors`
  ADD PRIMARY KEY (`id`),
  ADD KEY `type_id` (`type_id`);

--
-- Index pour la table `sensor_data`
--
ALTER TABLE `sensor_data`
  ADD PRIMARY KEY (`id`),
  ADD KEY `sensor_id` (`sensor_id`);

--
-- Index pour la table `sensor_types`
--
ALTER TABLE `sensor_types`
  ADD PRIMARY KEY (`id`);

--
-- Index pour la table `users`
--
ALTER TABLE `users`
  ADD PRIMARY KEY (`id`),
  ADD KEY `role_id` (`role_id`);

--
-- AUTO_INCREMENT pour les tables déchargées
--

--
-- AUTO_INCREMENT pour la table `ban`
--
ALTER TABLE `ban`
  MODIFY `id` int(11) NOT NULL AUTO_INCREMENT, AUTO_INCREMENT=18;

--
-- AUTO_INCREMENT pour la table `roles`
--
ALTER TABLE `roles`
  MODIFY `id` int(11) NOT NULL AUTO_INCREMENT, AUTO_INCREMENT=2;

--
-- AUTO_INCREMENT pour la table `sensors`
--
ALTER TABLE `sensors`
  MODIFY `id` int(11) NOT NULL AUTO_INCREMENT, AUTO_INCREMENT=7;

--
-- AUTO_INCREMENT pour la table `sensor_data`
--
ALTER TABLE `sensor_data`
  MODIFY `id` int(11) NOT NULL AUTO_INCREMENT, AUTO_INCREMENT=3205;

--
-- AUTO_INCREMENT pour la table `sensor_types`
--
ALTER TABLE `sensor_types`
  MODIFY `id` int(11) NOT NULL AUTO_INCREMENT, AUTO_INCREMENT=6;

--
-- AUTO_INCREMENT pour la table `users`
--
ALTER TABLE `users`
  MODIFY `id` int(11) NOT NULL AUTO_INCREMENT, AUTO_INCREMENT=11;

--
-- Contraintes pour les tables déchargées
--

--
-- Contraintes pour la table `sensors`
--
ALTER TABLE `sensors`
  ADD CONSTRAINT `sensors_ibfk_1` FOREIGN KEY (`type_id`) REFERENCES `sensor_types` (`id`) ON DELETE CASCADE;

--
-- Contraintes pour la table `sensor_data`
--
ALTER TABLE `sensor_data`
  ADD CONSTRAINT `sensor_data_ibfk_1` FOREIGN KEY (`sensor_id`) REFERENCES `sensors` (`id`) ON DELETE CASCADE;

--
-- Contraintes pour la table `users`
--
ALTER TABLE `users`
  ADD CONSTRAINT `users_ibfk_1` FOREIGN KEY (`role_id`) REFERENCES `roles` (`id`) ON DELETE CASCADE;
COMMIT;

/*!40101 SET CHARACTER_SET_CLIENT=@OLD_CHARACTER_SET_CLIENT */;
/*!40101 SET CHARACTER_SET_RESULTS=@OLD_CHARACTER_SET_RESULTS */;
/*!40101 SET COLLATION_CONNECTION=@OLD_COLLATION_CONNECTION */;
